-- Insert data into `phieu_giam_gia` and `phieu_giam_gia_chi_tiet`
INSERT INTO phieu_giam_gia (id, ma_phieu_giam_gia, ten_phieu_giam_gia, so_luong, muc_giam, hinh_thuc_giam_gia, dieu_kien_su_dung, gia_tri_toi_da, doi_tuong_ap_dung, ngay_bat_dau, ngay_ket_thuc, trang_thai, ghi_chu, created_at, updated_at, deleted_at)
VALUES
(1, 'PGG001', 'Phiếu giảm giá 1', 10, 10.0, 1, 100000, 50000, 0, '2024-12-01', '2024-12-31', 'Đang diễn ra', 'Giảm giá 10%', UTC_TIMESTAMP(), UTC_TIMESTAMP(), 0),
(2, 'PGG002', 'Phiếu giảm giá 2', 0, 15.0, 1, 150000, 75000, 0, '2024-11-01', '2024-11-15', 'Đang diễn ra', 'Giảm giá 15%', UTC_TIMESTAMP(), UTC_TIMESTAMP(), 0),
(3, 'PGG003', 'Phiếu giảm giá 3', 20, 20.0, 1, 200000, 100000, 0, '2024-11-20', '2024-11-25', 'Đang diễn ra', 'Giảm giá 20%', UTC_TIMESTAMP(), UTC_TIMESTAMP(), 0),
(4, 'PGG004', 'Phiếu giảm giá 4', 25, 25.0, 1, 250000, 125000, 0, '2024-12-05', '2024-12-10', 'Đang diễn ra', 'Giảm giá 25%', UTC_TIMESTAMP(), UTC_TIMESTAMP(), 0),
(5, 'PGG005', 'Phiếu giảm giá 5', 0, 30.0, 1, 300000, 150000, 0, '2024-11-01', '2024-11-05', 'Đang diễn ra', 'Giảm giá 30%', UTC_TIMESTAMP(), UTC_TIMESTAMP(), 0),
(6, 'PGG006', 'Phiếu giảm giá 6', 35, 35.0, 1, 350000, 175000, 0, '2024-12-20', '2024-12-25', 'Đang diễn ra', 'Giảm giá 35%', UTC_TIMESTAMP(), UTC_TIMESTAMP(), 0),
(7, 'PGG007', 'Phiếu giảm giá 7', 0, 40.0, 1, 400000, 200000, 0, '2024-11-15', '2024-11-30', 'Đang diễn ra', 'Giảm giá 40%', UTC_TIMESTAMP(), UTC_TIMESTAMP(), 0),
(8, 'PGG008', 'Phiếu giảm giá 8', 45, 45.0, 1, 450000, 225000, 0, '2024-12-15', '2024-12-20', 'Đang diễn ra', 'Giảm giá 45%', UTC_TIMESTAMP(), UTC_TIMESTAMP(), 0),
(9, 'PGG009', 'Phiếu giảm giá 9', 50, 50.0, 1, 500000, 250000, 0, '2024-12-25', '2024-12-31', 'Đang diễn ra', 'Giảm giá 50%', UTC_TIMESTAMP(), UTC_TIMESTAMP(), 0),
(10, 'PGG010', 'Phiếu giảm giá 10', 0, 55.0, 1, 550000, 275000, 0, '2024-10-01', '2024-10-31', 'Đang diễn ra', 'Giảm giá 55%', UTC_TIMESTAMP(), UTC_TIMESTAMP(), 0);

INSERT INTO phieu_giam_gia_chi_tiet (id, id_khach_hang, id_phieu_giam_gia, trang_thai, created_at, updated_at, deleted_at)
VALUES
(1, NULL, 1, 1, UTC_TIMESTAMP(), UTC_TIMESTAMP(), 0),
(2, NULL, 1, 1, UTC_TIMESTAMP(), UTC_TIMESTAMP(), 0),
(3, NULL, 2, 1, UTC_TIMESTAMP(), UTC_TIMESTAMP(), 0),
(4, NULL, 3, 1, UTC_TIMESTAMP(), UTC_TIMESTAMP(), 0),
(5, NULL, 4, 1, UTC_TIMESTAMP(), UTC_TIMESTAMP(), 0),
(6, NULL, 5, 1, UTC_TIMESTAMP(), UTC_TIMESTAMP(), 0),
(7, NULL, 6, 1, UTC_TIMESTAMP(), UTC_TIMESTAMP(), 0),
(8, NULL, 7, 1, UTC_TIMESTAMP(), UTC_TIMESTAMP(), 0),
(9, NULL, 8, 1, UTC_TIMESTAMP(), UTC_TIMESTAMP(), 0),
(10, NULL, 9, 1, UTC_TIMESTAMP(), UTC_TIMESTAMP(), 0);

INSERT INTO khach_hang (ma_khach_hang, mat_khau, ho_va_ten, email, gioi_tinh, so_dien_thoai, trang_thai, created_at, updated_at, deleted_at)
VALUES
  ('KH001', 'password1', 'Nguyen Van A', 'lyly1062004@gmail.com', true, '0987456321', 'active', NOW(), NOW(), 1),
  ('KH002', 'password2', 'Nguyen Van B', 'trananhquan0868@gmail.com', false, '0963258741', 'active', NOW(), NOW(), 1),
  ('KH003', 'password3', 'Nguyen Van C', 'nguyenvanc@gmail.com', true, '0321456987', 'inactive', NOW(), NOW(), 1),
  ('KH004', 'password4', 'Nguyen Van D', 'nguyenvand@gmail.com', false, '0369852147', 'active', NOW(), NOW(), 0),
  ('KH005', 'password5', 'Nguyen Van E', 'nguyenvane@gmail.com', true, '0147852369', 'active', NOW(), NOW(), 0);


INSERT INTO dia_chi_khach_hang (id_khach_hang, dia_chi_cu_the, thanh_pho, quan_huyen, phuong_xa, ghi_chu, trang_thai, created_at, updated_at, deleted_at) 
VALUES
(1, 'Số 10, Đường Nguyễn Du, Phường 1', 'Hồ Chí Minh', 'Quận 1', 'Phường Bến Nghé', 'Ghi chú 1', 'Hoạt động', '2024-07-05 10:00:00', '2024-07-05 10:00:00', 0),
(2, 'Số 20, Đường Lê Lợi, Phường 2', 'Hà Nội', 'Quận Hoàn Kiếm', 'Phường Cửa Nam', 'Ghi chú 2', 'Hoạt động', '2024-07-05 11:00:00', '2024-07-05 11:00:00', 0);

INSERT INTO chuc_vu (ten_chuc_vu, ma_nhan_vien, trang_thai, created_at, updated_at, deleted_at)
VALUES
  ('Chuc vu 1', 'NV001', 'active', NOW(), NOW(), 1),
  ('Chuc vu 2', 'NV002', 'active', NOW(), NOW(), 1),
  ('Chuc vu 3', 'NV003', 'inactive', NOW(), NOW(), 1),
  ('Chuc vu 4', 'NV004', 'active', NOW(), NOW(), 0),
  ('Chuc vu 5', 'NV005', 'active', NOW(), NOW(), 0);


INSERT INTO nhan_vien (ten_nhan_vien, ma_nhan_vien, mat_khau, ho_ten, email, gioi_tinh, so_dien_thoai, dia_chi, trang_thai, created_at, updated_at, deleted_at)
VALUES
  ('truongvmph39949', 'NV001', '123456', 'Vũ Mạnh Trường', 'truongvmph39949@gmail.com', true, '0123456789', 'Dia chi 1', 'active', NOW(), NOW(), 1),
  ('quantaph12345', 'NV002', '123456', 'Trần Anh Quân', 'quantaph12345@gmail.com', false, '0987654321', 'Dia chi 2', 'active', NOW(), NOW(), 1),
  ('bangdxph39949', 'NV003', '123456', 'Đoàn Xuân Bằng', 'bangdxph39949@gmail.com', true, '0123456789', 'Dia chi 3', 'inactive', NOW(), NOW(), 1),
  ('lynhkph12345', 'NV004', '123456', 'Nguyễn Hoàng Khánh Ly', 'lynhkph12345@gmail.com', false, '0987654321', 'Dia chi 4', 'active', NOW(), NOW(), 0),
  ('haipnph39949', 'NV005', '123456', 'Phạm Ngọc Hải', 'haipnph39949@gmail.com', true, '0123456789', 'Dia chi 5', 'active', NOW(), NOW(), 0);


INSERT INTO diem_danh (ten_chuc_vu, gio_vao, gio_ra, ghi_chu, trang_thai, id_nhan_vien, created_at, updated_at, deleted_at)
VALUES
  ('Chuc vu 1', NOW(), NOW(), 'Ghi chu 1', 'active', 1, NOW(), NOW(), 1),
  ('Chuc vu 2', NOW(), NOW(), 'Ghi chu 2', 'active', 2, NOW(), NOW(), 1),
  ('Chuc vu 3', NOW(), NOW(), 'Ghi chu 3', 'inactive', 3, NOW(), NOW(), 1),
  ('Chuc vu 4', NOW(), NOW(), 'Ghi chu 4', 'active', 4, NOW(), NOW(), 0),
  ('Chuc vu 5', NOW(), NOW(), 'Ghi chu 5', 'active', 5, NOW(), NOW(), 0);
  


INSERT INTO loai_san (ten_loai_san, trang_thai, created_at, updated_at, deleted_at) VALUES
('Sân 5', 'Hoạt động', Now(), Now(), 0),
('Sân 7', 'Hoạt động', Now(),Now(), 0),
('Sân 11', 'Hoạt động', Now(), Now(), 0);



INSERT INTO san_bong (ten_san_bong, gia_san_bong, id_loai_san, trang_thai, created_at, updated_at, deleted_at)
VALUES
  ('San bong 13', 11500, 1, 'Hoạt động', NOW(), NOW(), 0),
  ('San bong 14', 22500, 1, 'Hoạt động', NOW(), NOW(), 0),
  ('San bong 15', 33500, 1, 'Hoạt động', NOW(), NOW(), 0),
  ('San bong 16', 44500, 1, 'Hoạt động', NOW(), NOW(), 0),
  ('San bong 17', 55500, 1, 'Hoạt động', NOW(), NOW(), 0),
  ('San bong 18', 66500, 2, 'Hoạt động', NOW(), NOW(), 0),
  ('San bong 19', 77500, 2, 'Hoạt động', NOW(), NOW(), 0),
  ('San bong 20', 88500, 2, 'Hoạt động', NOW(), NOW(), 0),
  ('San bong 21', 99500, 2, 'Hoạt động', NOW(), NOW(), 0),
  ('San bong 22', 105000, 3, 'Hoạt động', NOW(), NOW(), 0),
  ('San bong 23', 116000, 3, 'Hoạt động', NOW(), NOW(), 0),
  ('San bong 24', 127000, 3, 'Hoạt động', NOW(), NOW(), 0),
  ('San bong 25', 138000, 3, 'Hoạt động', NOW(), NOW(), 0),
  ('San bong 26', 149000, 1, 'Hoạt động', NOW(), NOW(), 0),
  ('San bong 27', 160000, 1, 'Hoạt động', NOW(), NOW(), 0),
  ('San bong 28', 171000, 1, 'Hoạt động', NOW(), NOW(), 0),
  ('San bong 29', 182000, 1, 'Hoạt động', NOW(), NOW(), 0),
  ('San bong 30', 193000, 1, 'Hoạt động', NOW(), NOW(), 0),
  ('San bong 31', 204000, 2, 'Hoạt động', NOW(), NOW(), 0),
  ('San bong 32', 215000, 2, 'Hoạt động', NOW(), NOW(), 0),
  ('San bong 33', 226000, 2, 'Hoạt động', NOW(), NOW(), 0),
  ('San bong 34', 237000, 2, 'Hoạt động', NOW(), NOW(), 0),
  ('San bong 35', 248000, 3, 'Hoạt động', NOW(), NOW(), 0);


  
INSERT INTO ca (ten_ca, gia_ca, thoi_gian_bat_dau, thoi_gian_ket_thuc, trang_thai, created_at, updated_at, deleted_at)
VALUES
  ('Ca 1', 100000, '2024-08-18 06:00:00', '2024-08-18 08:00:00', 'Hoạt động', NOW(), NOW(), 0),
  ('Ca 2', 200000, '2024-08-18 08:00:00', '2024-08-18 10:00:00', 'Hoạt động', NOW(), NOW(), 0),
  ('Ca 3', 150000, '2024-08-18 10:00:00', '2024-08-18 12:00:00', 'Hoạt động', NOW(), NOW(), 0),
  ('Ca 4', 180000, '2024-08-18 12:00:00', '2024-08-18 14:00:00', 'Hoạt động', NOW(), NOW(), 0),
  ('Ca 5', 160000, '2024-08-18 14:00:00', '2024-08-18 16:00:00', 'Hoạt động', NOW(), NOW(), 0),
  ('Ca 6', 220000, '2024-08-18 16:00:00', '2024-08-18 18:00:00', 'Hoạt động', NOW(), NOW(), 0),
  ('Ca 7', 250000, '2024-08-18 18:00:00', '2024-08-18 20:00:00', 'Hoạt động', NOW(), NOW(), 0),
  ('Ca 8', 200000, '2024-08-18 20:00:00', '2024-08-18 22:00:00', 'Hoạt động', NOW(), NOW(), 0);




INSERT INTO ngay_trong_tuan (thu_trong_tuan, trang_thai, created_at, updated_at)
VALUES
  ('Thứ 2', 'Hoạt động', NOW(), NOW()),
  ('Thứ 3', 'Hoạt động', NOW(), NOW()),
  ('Thứ 4', 'Hoạt động', NOW(), NOW()),
  ('Thứ 5', 'Hoạt động', NOW(), NOW()),
  ('Thứ 6', 'Hoạt động', NOW(), NOW()),
  ('Thứ 7', 'Hoạt động', NOW(), NOW()),
  ('Chủ Nhật', 'Hoạt động', NOW(), NOW());


INSERT INTO san_ca (id_ca, id_san_bong, id_ngay_trong_tuan, gia, trang_thai, created_at, updated_at, deleted_at)
VALUES
  (1, 1, 1, 110000, 'Còn trống', NOW(), NOW(), 0),
  (1, 1, 2, 120000, 'Còn trống', NOW(), NOW(), 0),
  (1, 1, 3, 130000, 'Còn trống', NOW(), NOW(), 0),
  (1, 1, 4, 140000, 'Còn trống', NOW(), NOW(), 0),
  (1, 1, 5, 150000, 'Còn trống', NOW(), NOW(), 0),
  (1, 1, 6, 160000, 'Còn trống', NOW(), NOW(), 0),
  (1, 1, 7, 170000, 'Còn trống', NOW(), NOW(), 0),
  
  (1, 2, 1, 180000, 'Còn trống', NOW(), NOW(), 0),
  (1, 2, 2, 190000, 'Còn trống', NOW(), NOW(), 0),
  (1, 2, 3, 200000, 'Còn trống', NOW(), NOW(), 0),
  (1, 2, 4, 200000, 'Còn trống', NOW(), NOW(), 0),
  (1, 2, 5, 200000, 'Còn trống', NOW(), NOW(), 0),
  (1, 2, 6, 200000, 'Còn trống', NOW(), NOW(), 0),
  (1, 2, 7, 200000, 'Còn trống', NOW(), NOW(), 0),
  
  (1, 3, 1, 180000, 'Còn trống', NOW(), NOW(), 0),
  (1, 3, 2, 190000, 'Còn trống', NOW(), NOW(), 0),
  (1, 3, 3, 200000, 'Còn trống', NOW(), NOW(), 0),
  (1, 3, 4, 200000, 'Còn trống', NOW(), NOW(), 0),
  (1, 3, 5, 200000, 'Còn trống', NOW(), NOW(), 0),
  (1, 3, 6, 200000, 'Còn trống', NOW(), NOW(), 0),
  (1, 3, 7, 200000, 'Còn trống', NOW(), NOW(), 0),
  
  (1, 4, 1, 180000, 'Còn trống', NOW(), NOW(), 0),
  (1, 4, 2, 190000, 'Còn trống', NOW(), NOW(), 0),
  (1, 4, 3, 200000, 'Còn trống', NOW(), NOW(), 0),
  (1, 4, 4, 200000, 'Còn trống', NOW(), NOW(), 0),
  (1, 4, 5, 200000, 'Còn trống', NOW(), NOW(), 0),
  (1, 4, 6, 200000, 'Còn trống', NOW(), NOW(), 0),
  (1, 4, 7, 200000, 'Còn trống', NOW(), NOW(), 0),
  
  (1, 5, 1, 180000, 'Còn trống', NOW(), NOW(), 0),
  (1, 5, 2, 190000, 'Còn trống', NOW(), NOW(), 0),
  (1, 5, 3, 200000, 'Còn trống', NOW(), NOW(), 0),
  (1, 5, 4, 200000, 'Còn trống', NOW(), NOW(), 0),
  (1, 5, 5, 200000, 'Còn trống', NOW(), NOW(), 0),
  (1, 5, 6, 200000, 'Còn trống', NOW(), NOW(), 0),
  (1, 5, 7, 200000, 'Còn trống', NOW(), NOW(), 0),
  
  (1, 6, 1, 180000, 'Còn trống', NOW(), NOW(), 0),
  (1, 6, 2, 190000, 'Còn trống', NOW(), NOW(), 0),
  (1, 6, 3, 200000, 'Còn trống', NOW(), NOW(), 0),
  (1, 6, 4, 200000, 'Còn trống', NOW(), NOW(), 0),
  (1, 6, 5, 200000, 'Còn trống', NOW(), NOW(), 0),
  (1, 6, 6, 200000, 'Còn trống', NOW(), NOW(), 0),
  (1, 6, 7, 200000, 'Còn trống', NOW(), NOW(), 0),
  
  (1, 7, 1, 180000, 'Còn trống', NOW(), NOW(), 0),
  (1, 7, 2, 190000, 'Còn trống', NOW(), NOW(), 0),
  (1, 7, 3, 200000, 'Còn trống', NOW(), NOW(), 0),
  (1, 7, 4, 200000, 'Còn trống', NOW(), NOW(), 0),
  (1, 7, 5, 200000, 'Còn trống', NOW(), NOW(), 0),
  (1, 7, 6, 200000, 'Còn trống', NOW(), NOW(), 0),
  (1, 7, 7, 200000, 'Còn trống', NOW(), NOW(), 0),
  
  (1, 8, 1, 180000, 'Còn trống', NOW(), NOW(), 0),
  (1, 8, 2, 190000, 'Còn trống', NOW(), NOW(), 0),
  (1, 8, 3, 200000, 'Còn trống', NOW(), NOW(), 0),
  (1, 8, 4, 200000, 'Còn trống', NOW(), NOW(), 0),
  (1, 8, 5, 200000, 'Còn trống', NOW(), NOW(), 0),
  (1, 8, 6, 200000, 'Còn trống', NOW(), NOW(), 0),
  (1, 8, 7, 200000, 'Còn trống', NOW(), NOW(), 0),
  
  (1, 9, 1, 180000, 'Còn trống', NOW(), NOW(), 0),
  (1, 9, 2, 190000, 'Còn trống', NOW(), NOW(), 0),
  (1, 9, 3, 200000, 'Còn trống', NOW(), NOW(), 0),
  (1, 9, 4, 200000, 'Còn trống', NOW(), NOW(), 0),
  (1, 9, 5, 200000, 'Còn trống', NOW(), NOW(), 0),
  (1, 9, 6, 200000, 'Còn trống', NOW(), NOW(), 0),
  (1, 9, 7, 200000, 'Còn trống', NOW(), NOW(), 0),
  
  (1, 10, 1, 180000, 'Còn trống', NOW(), NOW(), 0),
  (1, 10, 2, 190000, 'Còn trống', NOW(), NOW(), 0),
  (1, 10, 3, 200000, 'Còn trống', NOW(), NOW(), 0),
  (1, 10, 4, 200000, 'Còn trống', NOW(), NOW(), 0),
  (1, 10, 5, 200000, 'Còn trống', NOW(), NOW(), 0),
  (1, 10, 6, 200000, 'Còn trống', NOW(), NOW(), 0),
  (1, 10, 7, 200000, 'Còn trống', NOW(), NOW(), 0),
  
  (1, 11, 1, 180000, 'Còn trống', NOW(), NOW(), 0),
  (1, 11, 2, 190000, 'Còn trống', NOW(), NOW(), 0),
  (1, 11, 3, 200000, 'Còn trống', NOW(), NOW(), 0),
  (1, 11, 4, 200000, 'Còn trống', NOW(), NOW(), 0),
  (1, 11, 5, 200000, 'Còn trống', NOW(), NOW(), 0),
  (1, 11, 6, 200000, 'Còn trống', NOW(), NOW(), 0),
  (1, 11, 7, 200000, 'Còn trống', NOW(), NOW(), 0),
  
  (1, 12, 1, 180000, 'Còn trống', NOW(), NOW(), 0),
  (1, 12, 2, 190000, 'Còn trống', NOW(), NOW(), 0),
  (1, 12, 3, 200000, 'Còn trống', NOW(), NOW(), 0),
  (1, 12, 4, 200000, 'Còn trống', NOW(), NOW(), 0),
  (1, 12, 5, 200000, 'Còn trống', NOW(), NOW(), 0),
  (1, 12, 6, 200000, 'Còn trống', NOW(), NOW(), 0),
  (1, 12, 7, 200000, 'Còn trống', NOW(), NOW(), 0),
  
  (1, 13, 1, 180000, 'Còn trống', NOW(), NOW(), 0),
  (1, 13, 2, 190000, 'Còn trống', NOW(), NOW(), 0),
  (1, 13, 3, 200000, 'Còn trống', NOW(), NOW(), 0),
  (1, 13, 4, 200000, 'Còn trống', NOW(), NOW(), 0),
  (1, 13, 5, 200000, 'Còn trống', NOW(), NOW(), 0),
  (1, 13, 6, 200000, 'Còn trống', NOW(), NOW(), 0),
  (1, 13, 7, 200000, 'Còn trống', NOW(), NOW(), 0),
  
  (1, 14, 1, 180000, 'Còn trống', NOW(), NOW(), 0),
  (1, 14, 2, 190000, 'Còn trống', NOW(), NOW(), 0),
  (1, 14, 3, 200000, 'Còn trống', NOW(), NOW(), 0),
  (1, 14, 4, 200000, 'Còn trống', NOW(), NOW(), 0),
  (1, 14, 5, 200000, 'Còn trống', NOW(), NOW(), 0),
  (1, 14, 6, 200000, 'Còn trống', NOW(), NOW(), 0),
  (1, 14, 7, 200000, 'Còn trống', NOW(), NOW(), 0),
  
  (1, 15, 1, 180000, 'Còn trống', NOW(), NOW(), 0),
  (1, 15, 2, 190000, 'Còn trống', NOW(), NOW(), 0),
  (1, 15, 3, 200000, 'Còn trống', NOW(), NOW(), 0),
  (1, 15, 4, 200000, 'Còn trống', NOW(), NOW(), 0),
  (1, 15, 5, 200000, 'Còn trống', NOW(), NOW(), 0),
  (1, 15, 6, 200000, 'Còn trống', NOW(), NOW(), 0),
  (1, 15, 7, 200000, 'Còn trống', NOW(), NOW(), 0),
  
  (1, 16, 1, 180000, 'Còn trống', NOW(), NOW(), 0),
  (1, 16, 2, 190000, 'Còn trống', NOW(), NOW(), 0),
  (1, 16, 3, 200000, 'Còn trống', NOW(), NOW(), 0),
  (1, 16, 4, 200000, 'Còn trống', NOW(), NOW(), 0),
  (1, 16, 5, 200000, 'Còn trống', NOW(), NOW(), 0),
  (1, 16, 6, 200000, 'Còn trống', NOW(), NOW(), 0),
  (1, 16, 7, 200000, 'Còn trống', NOW(), NOW(), 0),
  
  (1, 17, 1, 180000, 'Còn trống', NOW(), NOW(), 0),
  (1, 17, 2, 190000, 'Còn trống', NOW(), NOW(), 0),
  (1, 17, 3, 200000, 'Còn trống', NOW(), NOW(), 0),
  (1, 17, 4, 200000, 'Còn trống', NOW(), NOW(), 0),
  (1, 17, 5, 200000, 'Còn trống', NOW(), NOW(), 0),
  (1, 17, 6, 200000, 'Còn trống', NOW(), NOW(), 0),
  (1, 17, 7, 200000, 'Còn trống', NOW(), NOW(), 0),
  
  (1, 18, 1, 180000, 'Còn trống', NOW(), NOW(), 0),
  (1, 18, 2, 190000, 'Còn trống', NOW(), NOW(), 0),
  (1, 18, 3, 200000, 'Còn trống', NOW(), NOW(), 0),
  (1, 18, 4, 200000, 'Còn trống', NOW(), NOW(), 0),
  (1, 18, 5, 200000, 'Còn trống', NOW(), NOW(), 0),
  (1, 18, 6, 200000, 'Còn trống', NOW(), NOW(), 0),
  (1, 18, 7, 200000, 'Còn trống', NOW(), NOW(), 0),
  
  (1, 19, 1, 180000, 'Còn trống', NOW(), NOW(), 0),
  (1, 19, 2, 190000, 'Còn trống', NOW(), NOW(), 0),
  (1, 19, 3, 200000, 'Còn trống', NOW(), NOW(), 0),
  (1, 19, 4, 200000, 'Còn trống', NOW(), NOW(), 0),
  (1, 19, 5, 200000, 'Còn trống', NOW(), NOW(), 0),
  (1, 19, 6, 200000, 'Còn trống', NOW(), NOW(), 0),
  (1, 19, 7, 200000, 'Còn trống', NOW(), NOW(), 0),
  
  (1, 20, 1, 180000, 'Còn trống', NOW(), NOW(), 0),
  (1, 20, 2, 190000, 'Còn trống', NOW(), NOW(), 0),
  (1, 20, 3, 200000, 'Còn trống', NOW(), NOW(), 0),
  (1, 20, 4, 200000, 'Còn trống', NOW(), NOW(), 0),
  (1, 20, 5, 200000, 'Còn trống', NOW(), NOW(), 0),
  (1, 20, 6, 200000, 'Còn trống', NOW(), NOW(), 0),
  (1, 20, 7, 200000, 'Còn trống', NOW(), NOW(), 0),
  
  (1, 21, 1, 180000, 'Còn trống', NOW(), NOW(), 0),
  (1, 21, 2, 190000, 'Còn trống', NOW(), NOW(), 0),
  (1, 21, 3, 200000, 'Còn trống', NOW(), NOW(), 0),
  (1, 21, 4, 200000, 'Còn trống', NOW(), NOW(), 0),
  (1, 21, 5, 200000, 'Còn trống', NOW(), NOW(), 0),
  (1, 21, 6, 200000, 'Còn trống', NOW(), NOW(), 0),
  (1, 21, 7, 200000, 'Còn trống', NOW(), NOW(), 0),
  
  (1, 22, 1, 180000, 'Còn trống', NOW(), NOW(), 0),
  (1, 22, 2, 190000, 'Còn trống', NOW(), NOW(), 0),
  (1, 22, 3, 200000, 'Còn trống', NOW(), NOW(), 0),
  (1, 22, 4, 200000, 'Còn trống', NOW(), NOW(), 0),
  (1, 22, 5, 200000, 'Còn trống', NOW(), NOW(), 0),
  (1, 22, 6, 200000, 'Còn trống', NOW(), NOW(), 0),
  (1, 22, 7, 200000, 'Còn trống', NOW(), NOW(), 0),
  
  (1, 23, 1, 180000, 'Còn trống', NOW(), NOW(), 0),
  (1, 23, 2, 190000, 'Còn trống', NOW(), NOW(), 0),
  (1, 23, 3, 200000, 'Còn trống', NOW(), NOW(), 0),
  (1, 23, 4, 200000, 'Còn trống', NOW(), NOW(), 0),
  (1, 23, 5, 200000, 'Còn trống', NOW(), NOW(), 0),
  (1, 23, 6, 200000, 'Còn trống', NOW(), NOW(), 0),
  (1, 23, 7, 200000, 'Còn trống', NOW(), NOW(), 0),
  
  (2, 1, 1, 110000, 'Còn trống', NOW(), NOW(), 0),
  (2, 1, 2, 120000, 'Còn trống', NOW(), NOW(), 0),
  (2, 1, 3, 130000, 'Còn trống', NOW(), NOW(), 0),
  (2, 1, 4, 140000, 'Còn trống', NOW(), NOW(), 0),
  (2, 1, 5, 150000, 'Còn trống', NOW(), NOW(), 0),
  (2, 1, 6, 160000, 'Còn trống', NOW(), NOW(), 0),
  (2, 1, 7, 170000, 'Còn trống', NOW(), NOW(), 0),
  
  (2, 2, 1, 180000, 'Còn trống', NOW(), NOW(), 0),
  (2, 2, 2, 190000, 'Còn trống', NOW(), NOW(), 0),
  (2, 2, 3, 200000, 'Còn trống', NOW(), NOW(), 0),
  (2, 2, 4, 200000, 'Còn trống', NOW(), NOW(), 0),
  (2, 2, 5, 200000, 'Còn trống', NOW(), NOW(), 0),
  (2, 2, 6, 200000, 'Còn trống', NOW(), NOW(), 0),
  (2, 2, 7, 200000, 'Còn trống', NOW(), NOW(), 0),

  (2, 3, 1, 180000, 'Còn trống', NOW(), NOW(), 0),
  (2, 3, 2, 190000, 'Còn trống', NOW(), NOW(), 0),
  (2, 3, 3, 200000, 'Còn trống', NOW(), NOW(), 0),
  (2, 3, 4, 200000, 'Còn trống', NOW(), NOW(), 0),
  (2, 3, 5, 200000, 'Còn trống', NOW(), NOW(), 0),
  (2, 3, 6, 200000, 'Còn trống', NOW(), NOW(), 0),
  (2, 3, 7, 200000, 'Còn trống', NOW(), NOW(), 0),
  
  (2, 4, 1, 180000, 'Còn trống', NOW(), NOW(), 0),
  (2, 4, 2, 190000, 'Còn trống', NOW(), NOW(), 0),
  (2, 4, 3, 200000, 'Còn trống', NOW(), NOW(), 0),
  (2, 4, 4, 200000, 'Còn trống', NOW(), NOW(), 0),
  (2, 4, 5, 200000, 'Còn trống', NOW(), NOW(), 0),
  (2, 4, 6, 200000, 'Còn trống', NOW(), NOW(), 0),
  (2, 4, 7, 200000, 'Còn trống', NOW(), NOW(), 0),
  
  (2, 5, 1, 180000, 'Còn trống', NOW(), NOW(), 0),
  (2, 5, 2, 190000, 'Còn trống', NOW(), NOW(), 0),
  (2, 5, 3, 200000, 'Còn trống', NOW(), NOW(), 0),
  (2, 5, 4, 200000, 'Còn trống', NOW(), NOW(), 0),
  (2, 5, 5, 200000, 'Còn trống', NOW(), NOW(), 0),
  (2, 5, 6, 200000, 'Còn trống', NOW(), NOW(), 0),
  (2, 5, 7, 200000, 'Còn trống', NOW(), NOW(), 0),

  (2, 6, 1, 180000, 'Còn trống', NOW(), NOW(), 0),
  (2, 6, 2, 190000, 'Còn trống', NOW(), NOW(), 0),
  (2, 6, 3, 200000, 'Còn trống', NOW(), NOW(), 0),
  (2, 6, 4, 200000, 'Còn trống', NOW(), NOW(), 0),
  (2, 6, 5, 200000, 'Còn trống', NOW(), NOW(), 0),
  (2, 6, 6, 200000, 'Còn trống', NOW(), NOW(), 0),
  (2, 6, 7, 200000, 'Còn trống', NOW(), NOW(), 0),
  
  (2, 7, 1, 180000, 'Còn trống', NOW(), NOW(), 0),
  (2, 7, 2, 190000, 'Còn trống', NOW(), NOW(), 0),
  (2, 7, 3, 200000, 'Còn trống', NOW(), NOW(), 0),
  (2, 7, 4, 200000, 'Còn trống', NOW(), NOW(), 0),
  (2, 7, 5, 200000, 'Còn trống', NOW(), NOW(), 0),
  (2, 7, 6, 200000, 'Còn trống', NOW(), NOW(), 0),
  (2, 7, 7, 200000, 'Còn trống', NOW(), NOW(), 0),
  
  (2, 8, 1, 180000, 'Còn trống', NOW(), NOW(), 0),
  (2, 8, 2, 190000, 'Còn trống', NOW(), NOW(), 0),
  (2, 8, 3, 200000, 'Còn trống', NOW(), NOW(), 0),
  (2, 8, 4, 200000, 'Còn trống', NOW(), NOW(), 0),
  (2, 8, 5, 200000, 'Còn trống', NOW(), NOW(), 0),
  (2, 8, 6, 200000, 'Còn trống', NOW(), NOW(), 0),
  (2, 8, 7, 200000, 'Còn trống', NOW(), NOW(), 0),

  (2, 9, 1, 180000, 'Còn trống', NOW(), NOW(), 0),
  (2, 9, 2, 190000, 'Còn trống', NOW(), NOW(), 0),
  (2, 9, 3, 200000, 'Còn trống', NOW(), NOW(), 0),
  (2, 9, 4, 200000, 'Còn trống', NOW(), NOW(), 0),
  (2, 9, 5, 200000, 'Còn trống', NOW(), NOW(), 0),
  (2, 9, 6, 200000, 'Còn trống', NOW(), NOW(), 0),
  (2, 9, 7, 200000, 'Còn trống', NOW(), NOW(), 0),

  (2, 10, 1, 180000, 'Còn trống', NOW(), NOW(), 0),
  (2, 10, 2, 190000, 'Còn trống', NOW(), NOW(), 0),
  (2, 10, 3, 200000, 'Còn trống', NOW(), NOW(), 0),
  (2, 10, 4, 200000, 'Còn trống', NOW(), NOW(), 0),
  (2, 10, 5, 200000, 'Còn trống', NOW(), NOW(), 0),
  (2, 10, 6, 200000, 'Còn trống', NOW(), NOW(), 0),
  (2, 10, 7, 200000, 'Còn trống', NOW(), NOW(), 0),
  
  (2, 11, 1, 180000, 'Còn trống', NOW(), NOW(), 0),
  (2, 11, 2, 190000, 'Còn trống', NOW(), NOW(), 0),
  (2, 11, 3, 200000, 'Còn trống', NOW(), NOW(), 0),
  (2, 11, 4, 200000, 'Còn trống', NOW(), NOW(), 0),
  (2, 11, 5, 200000, 'Còn trống', NOW(), NOW(), 0),
  (2, 11, 6, 200000, 'Còn trống', NOW(), NOW(), 0),
  (2, 11, 7, 200000, 'Còn trống', NOW(), NOW(), 0),
  
  (2, 12, 1, 180000, 'Còn trống', NOW(), NOW(), 0),
  (2, 12, 2, 190000, 'Còn trống', NOW(), NOW(), 0),
  (2, 12, 3, 200000, 'Còn trống', NOW(), NOW(), 0),
  (2, 12, 4, 200000, 'Còn trống', NOW(), NOW(), 0),
  (2, 12, 5, 200000, 'Còn trống', NOW(), NOW(), 0),
  (2, 12, 6, 200000, 'Còn trống', NOW(), NOW(), 0),
  (2, 12, 7, 200000, 'Còn trống', NOW(), NOW(), 0),
  
  (2, 13, 1, 180000, 'Còn trống', NOW(), NOW(), 0),
  (2, 13, 2, 190000, 'Còn trống', NOW(), NOW(), 0),
  (2, 13, 3, 200000, 'Còn trống', NOW(), NOW(), 0),
  (2, 13, 4, 200000, 'Còn trống', NOW(), NOW(), 0),
  (2, 13, 5, 200000, 'Còn trống', NOW(), NOW(), 0),
  (2, 13, 6, 200000, 'Còn trống', NOW(), NOW(), 0),
  (2, 13, 7, 200000, 'Còn trống', NOW(), NOW(), 0),
  
  (2, 14, 1, 180000, 'Còn trống', NOW(), NOW(), 0),
  (2, 14, 2, 190000, 'Còn trống', NOW(), NOW(), 0),
  (2, 14, 3, 200000, 'Còn trống', NOW(), NOW(), 0),
  (2, 14, 4, 200000, 'Còn trống', NOW(), NOW(), 0),
  (2, 14, 5, 200000, 'Còn trống', NOW(), NOW(), 0),
  (2, 14, 6, 200000, 'Còn trống', NOW(), NOW(), 0),
  (2, 14, 7, 200000, 'Còn trống', NOW(), NOW(), 0),

  (2, 15, 1, 180000, 'Còn trống', NOW(), NOW(), 0),
  (2, 15, 2, 190000, 'Còn trống', NOW(), NOW(), 0),
  (2, 15, 3, 200000, 'Còn trống', NOW(), NOW(), 0),
  (2, 15, 4, 200000, 'Còn trống', NOW(), NOW(), 0),
  (2, 15, 5, 200000, 'Còn trống', NOW(), NOW(), 0),
  (2, 15, 6, 200000, 'Còn trống', NOW(), NOW(), 0),
  (2, 15, 7, 200000, 'Còn trống', NOW(), NOW(), 0),
  
  (2, 16, 1, 180000, 'Còn trống', NOW(), NOW(), 0),
  (2, 16, 2, 190000, 'Còn trống', NOW(), NOW(), 0),
  (2, 16, 3, 200000, 'Còn trống', NOW(), NOW(), 0),
  (2, 16, 4, 200000, 'Còn trống', NOW(), NOW(), 0),
  (2, 16, 5, 200000, 'Còn trống', NOW(), NOW(), 0),
  (2, 16, 6, 200000, 'Còn trống', NOW(), NOW(), 0),
  (2, 16, 7, 200000, 'Còn trống', NOW(), NOW(), 0),
  
  (2, 17, 1, 180000, 'Còn trống', NOW(), NOW(), 0),
  (2, 17, 2, 190000, 'Còn trống', NOW(), NOW(), 0),
  (2, 17, 3, 200000, 'Còn trống', NOW(), NOW(), 0),
  (2, 17, 4, 200000, 'Còn trống', NOW(), NOW(), 0),
  (2, 17, 5, 200000, 'Còn trống', NOW(), NOW(), 0),
  (2, 17, 6, 200000, 'Còn trống', NOW(), NOW(), 0),
  (2, 17, 7, 200000, 'Còn trống', NOW(), NOW(), 0),
  
  (2, 18, 1, 180000, 'Còn trống', NOW(), NOW(), 0),
  (2, 18, 2, 190000, 'Còn trống', NOW(), NOW(), 0),
  (2, 18, 3, 200000, 'Còn trống', NOW(), NOW(), 0),
  (2, 18, 4, 200000, 'Còn trống', NOW(), NOW(), 0),
  (2, 18, 5, 200000, 'Còn trống', NOW(), NOW(), 0),
  (2, 18, 6, 200000, 'Còn trống', NOW(), NOW(), 0),
  (2, 18, 7, 200000, 'Còn trống', NOW(), NOW(), 0),
  
  (2, 19, 1, 180000, 'Còn trống', NOW(), NOW(), 0),
  (2, 19, 2, 190000, 'Còn trống', NOW(), NOW(), 0),
  (2, 19, 3, 200000, 'Còn trống', NOW(), NOW(), 0),
  (2, 19, 4, 200000, 'Còn trống', NOW(), NOW(), 0),
  (2, 19, 5, 200000, 'Còn trống', NOW(), NOW(), 0),
  (2, 19, 6, 200000, 'Còn trống', NOW(), NOW(), 0),
  (2, 19, 7, 200000, 'Còn trống', NOW(), NOW(), 0),

  (2, 20, 1, 180000, 'Còn trống', NOW(), NOW(), 0),
  (2, 20, 2, 190000, 'Còn trống', NOW(), NOW(), 0),
  (2, 20, 3, 200000, 'Còn trống', NOW(), NOW(), 0),
  (2, 20, 4, 200000, 'Còn trống', NOW(), NOW(), 0),
  (2, 20, 5, 200000, 'Còn trống', NOW(), NOW(), 0),
  (2, 20, 6, 200000, 'Còn trống', NOW(), NOW(), 0),
  (2, 20, 7, 200000, 'Còn trống', NOW(), NOW(), 0),
  
  (2, 21, 1, 180000, 'Còn trống', NOW(), NOW(), 0),
  (2, 21, 2, 190000, 'Còn trống', NOW(), NOW(), 0),
  (2, 21, 3, 200000, 'Còn trống', NOW(), NOW(), 0),
  (2, 21, 4, 200000, 'Còn trống', NOW(), NOW(), 0),
  (2, 21, 5, 200000, 'Còn trống', NOW(), NOW(), 0),
  (2, 21, 6, 200000, 'Còn trống', NOW(), NOW(), 0),
  (2, 21, 7, 200000, 'Còn trống', NOW(), NOW(), 0),
  
  (2, 22, 1, 180000, 'Còn trống', NOW(), NOW(), 0),
  (2, 22, 2, 190000, 'Còn trống', NOW(), NOW(), 0),
  (2, 22, 3, 200000, 'Còn trống', NOW(), NOW(), 0),
  (2, 22, 4, 200000, 'Còn trống', NOW(), NOW(), 0),
  (2, 22, 5, 200000, 'Còn trống', NOW(), NOW(), 0),
  (2, 22, 6, 200000, 'Còn trống', NOW(), NOW(), 0),
  (2, 22, 7, 200000, 'Còn trống', NOW(), NOW(), 0),
  
  (2, 23, 1, 180000, 'Còn trống', NOW(), NOW(), 0),
  (2, 23, 2, 190000, 'Còn trống', NOW(), NOW(), 0),
  (2, 23, 3, 200000, 'Còn trống', NOW(), NOW(), 0),
  (2, 23, 4, 200000, 'Còn trống', NOW(), NOW(), 0),
  (2, 23, 5, 200000, 'Còn trống', NOW(), NOW(), 0),
  (2, 23, 6, 200000, 'Còn trống', NOW(), NOW(), 0),
  (2, 23, 7, 200000, 'Còn trống', NOW(), NOW(), 0),
  
  (3, 1, 1, 110000, 'Còn trống', NOW(), NOW(), 0),
  (3, 1, 2, 120000, 'Còn trống', NOW(), NOW(), 0),
  (3, 1, 3, 130000, 'Còn trống', NOW(), NOW(), 0),
  (3, 1, 4, 140000, 'Còn trống', NOW(), NOW(), 0),
  (3, 1, 5, 150000, 'Còn trống', NOW(), NOW(), 0),
  (3, 1, 6, 160000, 'Còn trống', NOW(), NOW(), 0),
  (3, 1, 7, 170000, 'Còn trống', NOW(), NOW(), 0),
  
  (3, 2, 1, 180000, 'Còn trống', NOW(), NOW(), 0),
  (3, 2, 2, 190000, 'Còn trống', NOW(), NOW(), 0),
  (3, 2, 3, 200000, 'Còn trống', NOW(), NOW(), 0),
  (3, 2, 4, 200000, 'Còn trống', NOW(), NOW(), 0),
  (3, 2, 5, 200000, 'Còn trống', NOW(), NOW(), 0),
  (3, 2, 6, 200000, 'Còn trống', NOW(), NOW(), 0),
  (3, 2, 7, 200000, 'Còn trống', NOW(), NOW(), 0),

  (3, 3, 1, 180000, 'Còn trống', NOW(), NOW(), 0),
  (3, 3, 2, 190000, 'Còn trống', NOW(), NOW(), 0),
  (3, 3, 3, 200000, 'Còn trống', NOW(), NOW(), 0),
  (3, 3, 4, 200000, 'Còn trống', NOW(), NOW(), 0),
  (3, 3, 5, 200000, 'Còn trống', NOW(), NOW(), 0),
  (3, 3, 6, 200000, 'Còn trống', NOW(), NOW(), 0),
  (3, 3, 7, 200000, 'Còn trống', NOW(), NOW(), 0),

  (3, 4, 1, 180000, 'Còn trống', NOW(), NOW(), 0),
  (3, 4, 2, 190000, 'Còn trống', NOW(), NOW(), 0),
  (3, 4, 3, 200000, 'Còn trống', NOW(), NOW(), 0),
  (3, 4, 4, 200000, 'Còn trống', NOW(), NOW(), 0),
  (3, 4, 5, 200000, 'Còn trống', NOW(), NOW(), 0),
  (3, 4, 6, 200000, 'Còn trống', NOW(), NOW(), 0),
  (3, 4, 7, 200000, 'Còn trống', NOW(), NOW(), 0),
  
  (3, 5, 1, 180000, 'Còn trống', NOW(), NOW(), 0),
  (3, 5, 2, 190000, 'Còn trống', NOW(), NOW(), 0),
  (3, 5, 3, 200000, 'Còn trống', NOW(), NOW(), 0),
  (3, 5, 4, 200000, 'Còn trống', NOW(), NOW(), 0),
  (3, 5, 5, 200000, 'Còn trống', NOW(), NOW(), 0),
  (3, 5, 6, 200000, 'Còn trống', NOW(), NOW(), 0),
  (3, 5, 7, 200000, 'Còn trống', NOW(), NOW(), 0),
  
  (3, 6, 1, 180000, 'Còn trống', NOW(), NOW(), 0),
  (3, 6, 2, 190000, 'Còn trống', NOW(), NOW(), 0),
  (3, 6, 3, 200000, 'Còn trống', NOW(), NOW(), 0),
  (3, 6, 4, 200000, 'Còn trống', NOW(), NOW(), 0),
  (3, 6, 5, 200000, 'Còn trống', NOW(), NOW(), 0),
  (3, 6, 6, 200000, 'Còn trống', NOW(), NOW(), 0),
  (3, 6, 7, 200000, 'Còn trống', NOW(), NOW(), 0),
  
  (3, 7, 1, 180000, 'Còn trống', NOW(), NOW(), 0),
  (3, 7, 2, 190000, 'Còn trống', NOW(), NOW(), 0),
  (3, 7, 3, 200000, 'Còn trống', NOW(), NOW(), 0),
  (3, 7, 4, 200000, 'Còn trống', NOW(), NOW(), 0),
  (3, 7, 5, 200000, 'Còn trống', NOW(), NOW(), 0),
  (3, 7, 6, 200000, 'Còn trống', NOW(), NOW(), 0),
  (3, 7, 7, 200000, 'Còn trống', NOW(), NOW(), 0),

  (3, 8, 1, 180000, 'Còn trống', NOW(), NOW(), 0),
  (3, 8, 2, 190000, 'Còn trống', NOW(), NOW(), 0),
  (3, 8, 3, 200000, 'Còn trống', NOW(), NOW(), 0),
  (3, 8, 4, 200000, 'Còn trống', NOW(), NOW(), 0),
  (3, 8, 5, 200000, 'Còn trống', NOW(), NOW(), 0),
  (3, 8, 6, 200000, 'Còn trống', NOW(), NOW(), 0),
  (3, 8, 7, 200000, 'Còn trống', NOW(), NOW(), 0),
  
  (3, 9, 1, 180000, 'Còn trống', NOW(), NOW(), 0),
  (3, 9, 2, 190000, 'Còn trống', NOW(), NOW(), 0),
  (3, 9, 3, 200000, 'Còn trống', NOW(), NOW(), 0),
  (3, 9, 4, 200000, 'Còn trống', NOW(), NOW(), 0),
  (3, 9, 5, 200000, 'Còn trống', NOW(), NOW(), 0),
  (3, 9, 6, 200000, 'Còn trống', NOW(), NOW(), 0),
  (3, 9, 7, 200000, 'Còn trống', NOW(), NOW(), 0),
  
  (3, 10, 1, 180000, 'Còn trống', NOW(), NOW(), 0),
  (3, 10, 2, 190000, 'Còn trống', NOW(), NOW(), 0),
  (3, 10, 3, 200000, 'Còn trống', NOW(), NOW(), 0),
  (3, 10, 4, 200000, 'Còn trống', NOW(), NOW(), 0),
  (3, 10, 5, 200000, 'Còn trống', NOW(), NOW(), 0),
  (3, 10, 6, 200000, 'Còn trống', NOW(), NOW(), 0),
  (3, 10, 7, 200000, 'Còn trống', NOW(), NOW(), 0),
  
  (3, 11, 1, 180000, 'Còn trống', NOW(), NOW(), 0),
  (3, 11, 2, 190000, 'Còn trống', NOW(), NOW(), 0),
  (3, 11, 3, 200000, 'Còn trống', NOW(), NOW(), 0),
  (3, 11, 4, 200000, 'Còn trống', NOW(), NOW(), 0),
  (3, 11, 5, 200000, 'Còn trống', NOW(), NOW(), 0),
  (3, 11, 6, 200000, 'Còn trống', NOW(), NOW(), 0),
  (3, 11, 7, 200000, 'Còn trống', NOW(), NOW(), 0),

  (3, 12, 1, 180000, 'Còn trống', NOW(), NOW(), 0),
  (3, 12, 2, 190000, 'Còn trống', NOW(), NOW(), 0),
  (3, 12, 3, 200000, 'Còn trống', NOW(), NOW(), 0),
  (3, 12, 4, 200000, 'Còn trống', NOW(), NOW(), 0),
  (3, 12, 5, 200000, 'Còn trống', NOW(), NOW(), 0),
  (3, 12, 6, 200000, 'Còn trống', NOW(), NOW(), 0),
  (3, 12, 7, 200000, 'Còn trống', NOW(), NOW(), 0),
  
  (3, 13, 1, 180000, 'Còn trống', NOW(), NOW(), 0),
  (3, 13, 2, 190000, 'Còn trống', NOW(), NOW(), 0),
  (3, 13, 3, 200000, 'Còn trống', NOW(), NOW(), 0),
  (3, 13, 4, 200000, 'Còn trống', NOW(), NOW(), 0),
  (3, 13, 5, 200000, 'Còn trống', NOW(), NOW(), 0),
  (3, 13, 6, 200000, 'Còn trống', NOW(), NOW(), 0),
  (3, 13, 7, 200000, 'Còn trống', NOW(), NOW(), 0),
  
  (3, 14, 1, 180000, 'Còn trống', NOW(), NOW(), 0),
  (3, 14, 2, 190000, 'Còn trống', NOW(), NOW(), 0),
  (3, 14, 3, 200000, 'Còn trống', NOW(), NOW(), 0),
  (3, 14, 4, 200000, 'Còn trống', NOW(), NOW(), 0),
  (3, 14, 5, 200000, 'Còn trống', NOW(), NOW(), 0),
  (3, 14, 6, 200000, 'Còn trống', NOW(), NOW(), 0),
  (3, 14, 7, 200000, 'Còn trống', NOW(), NOW(), 0),
  
  (3, 15, 1, 180000, 'Còn trống', NOW(), NOW(), 0),
  (3, 15, 2, 190000, 'Còn trống', NOW(), NOW(), 0),
  (3, 15, 3, 200000, 'Còn trống', NOW(), NOW(), 0),
  (3, 15, 4, 200000, 'Còn trống', NOW(), NOW(), 0),
  (3, 15, 5, 200000, 'Còn trống', NOW(), NOW(), 0),
  (3, 15, 6, 200000, 'Còn trống', NOW(), NOW(), 0),
  (3, 15, 7, 200000, 'Còn trống', NOW(), NOW(), 0),
  
  (3, 16, 1, 180000, 'Còn trống', NOW(), NOW(), 0),
  (3, 16, 2, 190000, 'Còn trống', NOW(), NOW(), 0),
  (3, 16, 3, 200000, 'Còn trống', NOW(), NOW(), 0),
  (3, 16, 4, 200000, 'Còn trống', NOW(), NOW(), 0),
  (3, 16, 5, 200000, 'Còn trống', NOW(), NOW(), 0),
  (3, 16, 6, 200000, 'Còn trống', NOW(), NOW(), 0),
  (3, 16, 7, 200000, 'Còn trống', NOW(), NOW(), 0),
  
  (3, 17, 1, 180000, 'Còn trống', NOW(), NOW(), 0),
  (3, 17, 2, 190000, 'Còn trống', NOW(), NOW(), 0),
  (3, 17, 3, 200000, 'Còn trống', NOW(), NOW(), 0),
  (3, 17, 4, 200000, 'Còn trống', NOW(), NOW(), 0),
  (3, 17, 5, 200000, 'Còn trống', NOW(), NOW(), 0),
  (3, 17, 6, 200000, 'Còn trống', NOW(), NOW(), 0),
  (3, 17, 7, 200000, 'Còn trống', NOW(), NOW(), 0),
  
  (3, 18, 1, 180000, 'Còn trống', NOW(), NOW(), 0),
  (3, 18, 2, 190000, 'Còn trống', NOW(), NOW(), 0),
  (3, 18, 3, 200000, 'Còn trống', NOW(), NOW(), 0),
  (3, 18, 4, 200000, 'Còn trống', NOW(), NOW(), 0),
  (3, 18, 5, 200000, 'Còn trống', NOW(), NOW(), 0),
  (3, 18, 6, 200000, 'Còn trống', NOW(), NOW(), 0),
  (3, 18, 7, 200000, 'Còn trống', NOW(), NOW(), 0),
  
  (3, 19, 1, 180000, 'Còn trống', NOW(), NOW(), 0),
  (3, 19, 2, 190000, 'Còn trống', NOW(), NOW(), 0),
  (3, 19, 3, 200000, 'Còn trống', NOW(), NOW(), 0),
  (3, 19, 4, 200000, 'Còn trống', NOW(), NOW(), 0),
  (3, 19, 5, 200000, 'Còn trống', NOW(), NOW(), 0),
  (3, 19, 6, 200000, 'Còn trống', NOW(), NOW(), 0),
  (3, 19, 7, 200000, 'Còn trống', NOW(), NOW(), 0),

  (3, 20, 1, 180000, 'Còn trống', NOW(), NOW(), 0),
  (3, 20, 2, 190000, 'Còn trống', NOW(), NOW(), 0),
  (3, 20, 3, 200000, 'Còn trống', NOW(), NOW(), 0),
  (3, 20, 4, 200000, 'Còn trống', NOW(), NOW(), 0),
  (3, 20, 5, 200000, 'Còn trống', NOW(), NOW(), 0),
  (3, 20, 6, 200000, 'Còn trống', NOW(), NOW(), 0),
  (3, 20, 7, 200000, 'Còn trống', NOW(), NOW(), 0),
  
  (3, 21, 1, 180000, 'Còn trống', NOW(), NOW(), 0),
  (3, 21, 2, 190000, 'Còn trống', NOW(), NOW(), 0),
  (3, 21, 3, 200000, 'Còn trống', NOW(), NOW(), 0),
  (3, 21, 4, 200000, 'Còn trống', NOW(), NOW(), 0),
  (3, 21, 5, 200000, 'Còn trống', NOW(), NOW(), 0),
  (3, 21, 6, 200000, 'Còn trống', NOW(), NOW(), 0),
  (3, 21, 7, 200000, 'Còn trống', NOW(), NOW(), 0),
  
  (3, 22, 1, 180000, 'Còn trống', NOW(), NOW(), 0),
  (3, 22, 2, 190000, 'Còn trống', NOW(), NOW(), 0),
  (3, 22, 3, 200000, 'Còn trống', NOW(), NOW(), 0),
  (3, 22, 4, 200000, 'Còn trống', NOW(), NOW(), 0),
  (3, 22, 5, 200000, 'Còn trống', NOW(), NOW(), 0),
  (3, 22, 6, 200000, 'Còn trống', NOW(), NOW(), 0),
  (3, 22, 7, 200000, 'Còn trống', NOW(), NOW(), 0),
  
  (3, 23, 1, 180000, 'Hoạt động', NOW(), NOW(), 0),
  (3, 23, 2, 190000, 'Hoạt động', NOW(), NOW(), 0),
  (3, 23, 3, 200000, 'Hoạt động', NOW(), NOW(), 0),
  (3, 23, 4, 200000, 'Hoạt động', NOW(), NOW(), 0),
  (3, 23, 5, 200000, 'Hoạt động', NOW(), NOW(), 0),
  (3, 23, 6, 200000, 'Hoạt động', NOW(), NOW(), 0),
  (3, 23, 7, 200000, 'Hoạt động', NOW(), NOW(), 0),
  
  (4, 1, 1, 110000, 'Còn trống', NOW(), NOW(), 0),
  (4, 1, 2, 120000, 'Còn trống', NOW(), NOW(), 0),
  (4, 1, 3, 130000, 'Còn trống', NOW(), NOW(), 0),
  (4, 1, 4, 140000, 'Còn trống', NOW(), NOW(), 0),
  (4, 1, 5, 150000, 'Còn trống', NOW(), NOW(), 0),
  (4, 1, 6, 160000, 'Còn trống', NOW(), NOW(), 0),
  (4, 1, 7, 170000, 'Còn trống', NOW(), NOW(), 0),
  
  (4, 2, 1, 180000, 'Còn trống', NOW(), NOW(), 0),
  (4, 2, 2, 190000, 'Còn trống', NOW(), NOW(), 0),
  (4, 2, 3, 200000, 'Còn trống', NOW(), NOW(), 0),
  (4, 2, 4, 200000, 'Còn trống', NOW(), NOW(), 0),
  (4, 2, 5, 200000, 'Còn trống', NOW(), NOW(), 0),
  (4, 2, 6, 200000, 'Còn trống', NOW(), NOW(), 0),
  (4, 2, 7, 200000, 'Còn trống', NOW(), NOW(), 0),

  (4, 3, 1, 180000, 'Còn trống', NOW(), NOW(), 0),
  (4, 3, 2, 190000, 'Còn trống', NOW(), NOW(), 0),
  (4, 3, 3, 200000, 'Còn trống', NOW(), NOW(), 0),
  (4, 3, 4, 200000, 'Còn trống', NOW(), NOW(), 0),
  (4, 3, 5, 200000, 'Còn trống', NOW(), NOW(), 0),
  (4, 3, 6, 200000, 'Còn trống', NOW(), NOW(), 0),
  (4, 3, 7, 200000, 'Còn trống', NOW(), NOW(), 0),

  (4, 4, 1, 180000, 'Còn trống', NOW(), NOW(), 0),
  (4, 4, 2, 190000, 'Còn trống', NOW(), NOW(), 0),
  (4, 4, 3, 200000, 'Còn trống', NOW(), NOW(), 0),
  (4, 4, 4, 200000, 'Còn trống', NOW(), NOW(), 0),
  (4, 4, 5, 200000, 'Còn trống', NOW(), NOW(), 0),
  (4, 4, 6, 200000, 'Còn trống', NOW(), NOW(), 0),
  (4, 4, 7, 200000, 'Còn trống', NOW(), NOW(), 0),
  
  (4, 5, 1, 180000, 'Còn trống', NOW(), NOW(), 0),
  (4, 5, 2, 190000, 'Còn trống', NOW(), NOW(), 0),
  (4, 5, 3, 200000, 'Còn trống', NOW(), NOW(), 0),
  (4, 5, 4, 200000, 'Còn trống', NOW(), NOW(), 0),
  (4, 5, 5, 200000, 'Còn trống', NOW(), NOW(), 0),
  (4, 5, 6, 200000, 'Còn trống', NOW(), NOW(), 0),
  (4, 5, 7, 200000, 'Còn trống', NOW(), NOW(), 0),
  
  (4, 6, 1, 180000, 'Còn trống', NOW(), NOW(), 0),
  (4, 6, 2, 190000, 'Còn trống', NOW(), NOW(), 0),
  (4, 6, 3, 200000, 'Còn trống', NOW(), NOW(), 0),
  (4, 6, 4, 200000, 'Còn trống', NOW(), NOW(), 0),
  (4, 6, 5, 200000, 'Còn trống', NOW(), NOW(), 0),
  (4, 6, 6, 200000, 'Còn trống', NOW(), NOW(), 0),
  (4, 6, 7, 200000, 'Còn trống', NOW(), NOW(), 0),
  
  (4, 7, 1, 180000, 'Còn trống', NOW(), NOW(), 0),
  (4, 7, 2, 190000, 'Còn trống', NOW(), NOW(), 0),
  (4, 7, 3, 200000, 'Còn trống', NOW(), NOW(), 0),
  (4, 7, 4, 200000, 'Còn trống', NOW(), NOW(), 0),
  (4, 7, 5, 200000, 'Còn trống', NOW(), NOW(), 0),
  (4, 7, 6, 200000, 'Còn trống', NOW(), NOW(), 0),
  (4, 7, 7, 200000, 'Còn trống', NOW(), NOW(), 0),

  (4, 8, 1, 180000, 'Còn trống', NOW(), NOW(), 0),
  (4, 8, 2, 190000, 'Còn trống', NOW(), NOW(), 0),
  (4, 8, 3, 200000, 'Còn trống', NOW(), NOW(), 0),
  (4, 8, 4, 200000, 'Còn trống', NOW(), NOW(), 0),
  (4, 8, 5, 200000, 'Còn trống', NOW(), NOW(), 0),
  (4, 8, 6, 200000, 'Còn trống', NOW(), NOW(), 0),
  (4, 8, 7, 200000, 'Còn trống', NOW(), NOW(), 0),
  
  (4, 9, 1, 180000, 'Còn trống', NOW(), NOW(), 0),
  (4, 9, 2, 190000, 'Còn trống', NOW(), NOW(), 0),
  (4, 9, 3, 200000, 'Còn trống', NOW(), NOW(), 0),
  (4, 9, 4, 200000, 'Còn trống', NOW(), NOW(), 0),
  (4, 9, 5, 200000, 'Còn trống', NOW(), NOW(), 0),
  (4, 9, 6, 200000, 'Còn trống', NOW(), NOW(), 0),
  (4, 9, 7, 200000, 'Còn trống', NOW(), NOW(), 0),
  
  (4, 10, 1, 180000, 'Còn trống', NOW(), NOW(), 0),
  (4, 10, 2, 190000, 'Còn trống', NOW(), NOW(), 0),
  (4, 10, 3, 200000, 'Còn trống', NOW(), NOW(), 0),
  (4, 10, 4, 200000, 'Còn trống', NOW(), NOW(), 0),
  (4, 10, 5, 200000, 'Còn trống', NOW(), NOW(), 0),
  (4, 10, 6, 200000, 'Còn trống', NOW(), NOW(), 0),
  (4, 10, 7, 200000, 'Còn trống', NOW(), NOW(), 0),
  
  (4, 11, 1, 180000, 'Còn trống', NOW(), NOW(), 0),
  (4, 11, 2, 190000, 'Còn trống', NOW(), NOW(), 0),
  (4, 11, 3, 200000, 'Còn trống', NOW(), NOW(), 0),
  (4, 11, 4, 200000, 'Còn trống', NOW(), NOW(), 0),
  (4, 11, 5, 200000, 'Còn trống', NOW(), NOW(), 0),
  (4, 11, 6, 200000, 'Còn trống', NOW(), NOW(), 0),
  (4, 11, 7, 200000, 'Còn trống', NOW(), NOW(), 0),

  (4, 12, 1, 180000, 'Còn trống', NOW(), NOW(), 0),
  (4, 12, 2, 190000, 'Còn trống', NOW(), NOW(), 0),
  (4, 12, 3, 200000, 'Còn trống', NOW(), NOW(), 0),
  (4, 12, 4, 200000, 'Còn trống', NOW(), NOW(), 0),
  (4, 12, 5, 200000, 'Còn trống', NOW(), NOW(), 0),
  (4, 12, 6, 200000, 'Còn trống', NOW(), NOW(), 0),
  (4, 12, 7, 200000, 'Còn trống', NOW(), NOW(), 0),
  
  (4, 13, 1, 180000, 'Còn trống', NOW(), NOW(), 0),
  (4, 13, 2, 190000, 'Còn trống', NOW(), NOW(), 0),
  (4, 13, 3, 200000, 'Còn trống', NOW(), NOW(), 0),
  (4, 13, 4, 200000, 'Còn trống', NOW(), NOW(), 0),
  (4, 13, 5, 200000, 'Còn trống', NOW(), NOW(), 0),
  (4, 13, 6, 200000, 'Còn trống', NOW(), NOW(), 0),
  (4, 13, 7, 200000, 'Còn trống', NOW(), NOW(), 0),
  
  (4, 14, 1, 180000, 'Còn trống', NOW(), NOW(), 0),
  (4, 14, 2, 190000, 'Còn trống', NOW(), NOW(), 0),
  (4, 14, 3, 200000, 'Còn trống', NOW(), NOW(), 0),
  (4, 14, 4, 200000, 'Còn trống', NOW(), NOW(), 0),
  (4, 14, 5, 200000, 'Còn trống', NOW(), NOW(), 0),
  (4, 14, 6, 200000, 'Còn trống', NOW(), NOW(), 0),
  (4, 14, 7, 200000, 'Còn trống', NOW(), NOW(), 0),
  
  (4, 15, 1, 180000, 'Còn trống', NOW(), NOW(), 0),
  (4, 15, 2, 190000, 'Còn trống', NOW(), NOW(), 0),
  (4, 15, 3, 200000, 'Còn trống', NOW(), NOW(), 0),
  (4, 15, 4, 200000, 'Còn trống', NOW(), NOW(), 0),
  (4, 15, 5, 200000, 'Còn trống', NOW(), NOW(), 0),
  (4, 15, 6, 200000, 'Còn trống', NOW(), NOW(), 0),
  (4, 15, 7, 200000, 'Còn trống', NOW(), NOW(), 0),
  
  (4, 16, 1, 180000, 'Còn trống', NOW(), NOW(), 0),
  (4, 16, 2, 190000, 'Còn trống', NOW(), NOW(), 0),
  (4, 16, 3, 200000, 'Còn trống', NOW(), NOW(), 0),
  (4, 16, 4, 200000, 'Còn trống', NOW(), NOW(), 0),
  (4, 16, 5, 200000, 'Còn trống', NOW(), NOW(), 0),
  (4, 16, 6, 200000, 'Còn trống', NOW(), NOW(), 0),
  (4, 16, 7, 200000, 'Còn trống', NOW(), NOW(), 0),
  
  (4, 17, 1, 180000, 'Còn trống', NOW(), NOW(), 0),
  (4, 17, 2, 190000, 'Còn trống', NOW(), NOW(), 0),
  (4, 17, 3, 200000, 'Còn trống', NOW(), NOW(), 0),
  (4, 17, 4, 200000, 'Còn trống', NOW(), NOW(), 0),
  (4, 17, 5, 200000, 'Còn trống', NOW(), NOW(), 0),
  (4, 17, 6, 200000, 'Còn trống', NOW(), NOW(), 0),
  (4, 17, 7, 200000, 'Còn trống', NOW(), NOW(), 0),
  
  (4, 18, 1, 180000, 'Còn trống', NOW(), NOW(), 0),
  (4, 18, 2, 190000, 'Còn trống', NOW(), NOW(), 0),
  (4, 18, 3, 200000, 'Còn trống', NOW(), NOW(), 0),
  (4, 18, 4, 200000, 'Còn trống', NOW(), NOW(), 0),
  (4, 18, 5, 200000, 'Còn trống', NOW(), NOW(), 0),
  (4, 18, 6, 200000, 'Còn trống', NOW(), NOW(), 0),
  (4, 18, 7, 200000, 'Còn trống', NOW(), NOW(), 0),
  
  (4, 19, 1, 180000, 'Còn trống', NOW(), NOW(), 0),
  (4, 19, 2, 190000, 'Còn trống', NOW(), NOW(), 0),
  (4, 19, 3, 200000, 'Còn trống', NOW(), NOW(), 0),
  (4, 19, 4, 200000, 'Còn trống', NOW(), NOW(), 0),
  (4, 19, 5, 200000, 'Còn trống', NOW(), NOW(), 0),
  (4, 19, 6, 200000, 'Còn trống', NOW(), NOW(), 0),
  (4, 19, 7, 200000, 'Còn trống', NOW(), NOW(), 0),

  (4, 20, 1, 180000, 'Còn trống', NOW(), NOW(), 0),
  (4, 20, 2, 190000, 'Còn trống', NOW(), NOW(), 0),
  (4, 20, 3, 200000, 'Còn trống', NOW(), NOW(), 0),
  (4, 20, 4, 200000, 'Còn trống', NOW(), NOW(), 0),
  (4, 20, 5, 200000, 'Còn trống', NOW(), NOW(), 0),
  (4, 20, 6, 200000, 'Còn trống', NOW(), NOW(), 0),
  (4, 20, 7, 200000, 'Còn trống', NOW(), NOW(), 0),
  
  (4, 21, 1, 180000, 'Còn trống', NOW(), NOW(), 0),
  (4, 21, 2, 190000, 'Còn trống', NOW(), NOW(), 0),
  (4, 21, 3, 200000, 'Còn trống', NOW(), NOW(), 0),
  (4, 21, 4, 200000, 'Còn trống', NOW(), NOW(), 0),
  (4, 21, 5, 200000, 'Còn trống', NOW(), NOW(), 0),
  (4, 21, 6, 200000, 'Còn trống', NOW(), NOW(), 0),
  (4, 21, 7, 200000, 'Còn trống', NOW(), NOW(), 0),
  
  (4, 22, 1, 180000, 'Còn trống', NOW(), NOW(), 0),
  (4, 22, 2, 190000, 'Còn trống', NOW(), NOW(), 0),
  (4, 22, 3, 200000, 'Còn trống', NOW(), NOW(), 0),
  (4, 22, 4, 200000, 'Còn trống', NOW(), NOW(), 0),
  (4, 22, 5, 200000, 'Còn trống', NOW(), NOW(), 0),
  (4, 22, 6, 200000, 'Còn trống', NOW(), NOW(), 0),
  (4, 22, 7, 200000, 'Còn trống', NOW(), NOW(), 0),
  
  (4, 23, 1, 180000, 'Hoạt động', NOW(), NOW(), 0),
  (4, 23, 2, 190000, 'Hoạt động', NOW(), NOW(), 0),
  (4, 23, 3, 200000, 'Hoạt động', NOW(), NOW(), 0),
  (4, 23, 4, 200000, 'Hoạt động', NOW(), NOW(), 0),
  (4, 23, 5, 200000, 'Hoạt động', NOW(), NOW(), 0),
  (4, 23, 6, 200000, 'Hoạt động', NOW(), NOW(), 0),
  (4, 23, 7, 200000, 'Hoạt động', NOW(), NOW(), 0),
  
  (5, 1, 1, 110000, 'Còn trống', NOW(), NOW(), 0),
  (5, 1, 2, 120000, 'Còn trống', NOW(), NOW(), 0),
  (5, 1, 3, 130000, 'Còn trống', NOW(), NOW(), 0),
  (5, 1, 4, 140000, 'Còn trống', NOW(), NOW(), 0),
  (5, 1, 5, 150000, 'Còn trống', NOW(), NOW(), 0),
  (5, 1, 6, 160000, 'Còn trống', NOW(), NOW(), 0),
  (5, 1, 7, 170000, 'Còn trống', NOW(), NOW(), 0),
  
  (5, 2, 1, 180000, 'Còn trống', NOW(), NOW(), 0),
  (5, 2, 2, 190000, 'Còn trống', NOW(), NOW(), 0),
  (5, 2, 3, 200000, 'Còn trống', NOW(), NOW(), 0),
  (5, 2, 4, 200000, 'Còn trống', NOW(), NOW(), 0),
  (5, 2, 5, 200000, 'Còn trống', NOW(), NOW(), 0),
  (5, 2, 6, 200000, 'Còn trống', NOW(), NOW(), 0),
  (5, 2, 7, 200000, 'Còn trống', NOW(), NOW(), 0),

  (5, 3, 1, 180000, 'Còn trống', NOW(), NOW(), 0),
  (5, 3, 2, 190000, 'Còn trống', NOW(), NOW(), 0),
  (5, 3, 3, 200000, 'Còn trống', NOW(), NOW(), 0),
  (5, 3, 4, 200000, 'Còn trống', NOW(), NOW(), 0),
  (5, 3, 5, 200000, 'Còn trống', NOW(), NOW(), 0),
  (5, 3, 6, 200000, 'Còn trống', NOW(), NOW(), 0),
  (5, 3, 7, 200000, 'Còn trống', NOW(), NOW(), 0),

  (5, 4, 1, 180000, 'Còn trống', NOW(), NOW(), 0),
  (5, 4, 2, 190000, 'Còn trống', NOW(), NOW(), 0),
  (5, 4, 3, 200000, 'Còn trống', NOW(), NOW(), 0),
  (5, 4, 4, 200000, 'Còn trống', NOW(), NOW(), 0),
  (5, 4, 5, 200000, 'Còn trống', NOW(), NOW(), 0),
  (5, 4, 6, 200000, 'Còn trống', NOW(), NOW(), 0),
  (5, 4, 7, 200000, 'Còn trống', NOW(), NOW(), 0),
  
  (5, 5, 1, 180000, 'Còn trống', NOW(), NOW(), 0),
  (5, 5, 2, 190000, 'Còn trống', NOW(), NOW(), 0),
  (5, 5, 3, 200000, 'Còn trống', NOW(), NOW(), 0),
  (5, 5, 4, 200000, 'Còn trống', NOW(), NOW(), 0),
  (5, 5, 5, 200000, 'Còn trống', NOW(), NOW(), 0),
  (5, 5, 6, 200000, 'Còn trống', NOW(), NOW(), 0),
  (5, 5, 7, 200000, 'Còn trống', NOW(), NOW(), 0),
  
  (5, 6, 1, 180000, 'Còn trống', NOW(), NOW(), 0),
  (5, 6, 2, 190000, 'Còn trống', NOW(), NOW(), 0),
  (5, 6, 3, 200000, 'Còn trống', NOW(), NOW(), 0),
  (5, 6, 4, 200000, 'Còn trống', NOW(), NOW(), 0),
  (5, 6, 5, 200000, 'Còn trống', NOW(), NOW(), 0),
  (5, 6, 6, 200000, 'Còn trống', NOW(), NOW(), 0),
  (5, 6, 7, 200000, 'Còn trống', NOW(), NOW(), 0),
  
  (5, 7, 1, 180000, 'Còn trống', NOW(), NOW(), 0),
  (5, 7, 2, 190000, 'Còn trống', NOW(), NOW(), 0),
  (5, 7, 3, 200000, 'Còn trống', NOW(), NOW(), 0),
  (5, 7, 4, 200000, 'Còn trống', NOW(), NOW(), 0),
  (5, 7, 5, 200000, 'Còn trống', NOW(), NOW(), 0),
  (5, 7, 6, 200000, 'Còn trống', NOW(), NOW(), 0),
  (5, 7, 7, 200000, 'Còn trống', NOW(), NOW(), 0),

  (5, 8, 1, 180000, 'Còn trống', NOW(), NOW(), 0),
  (5, 8, 2, 190000, 'Còn trống', NOW(), NOW(), 0),
  (5, 8, 3, 200000, 'Còn trống', NOW(), NOW(), 0),
  (5, 8, 4, 200000, 'Còn trống', NOW(), NOW(), 0),
  (5, 8, 5, 200000, 'Còn trống', NOW(), NOW(), 0),
  (5, 8, 6, 200000, 'Còn trống', NOW(), NOW(), 0),
  (5, 8, 7, 200000, 'Còn trống', NOW(), NOW(), 0),
  
  (5, 9, 1, 180000, 'Còn trống', NOW(), NOW(), 0),
  (5, 9, 2, 190000, 'Còn trống', NOW(), NOW(), 0),
  (5, 9, 3, 200000, 'Còn trống', NOW(), NOW(), 0),
  (5, 9, 4, 200000, 'Còn trống', NOW(), NOW(), 0),
  (5, 9, 5, 200000, 'Còn trống', NOW(), NOW(), 0),
  (5, 9, 6, 200000, 'Còn trống', NOW(), NOW(), 0),
  (5, 9, 7, 200000, 'Còn trống', NOW(), NOW(), 0),
  
  (5, 10, 1, 180000, 'Còn trống', NOW(), NOW(), 0),
  (5, 10, 2, 190000, 'Còn trống', NOW(), NOW(), 0),
  (5, 10, 3, 200000, 'Còn trống', NOW(), NOW(), 0),
  (5, 10, 4, 200000, 'Còn trống', NOW(), NOW(), 0),
  (5, 10, 5, 200000, 'Còn trống', NOW(), NOW(), 0),
  (5, 10, 6, 200000, 'Còn trống', NOW(), NOW(), 0),
  (5, 10, 7, 200000, 'Còn trống', NOW(), NOW(), 0),
  
  (5, 11, 1, 180000, 'Còn trống', NOW(), NOW(), 0),
  (5, 11, 2, 190000, 'Còn trống', NOW(), NOW(), 0),
  (5, 11, 3, 200000, 'Còn trống', NOW(), NOW(), 0),
  (5, 11, 4, 200000, 'Còn trống', NOW(), NOW(), 0),
  (5, 11, 5, 200000, 'Còn trống', NOW(), NOW(), 0),
  (5, 11, 6, 200000, 'Còn trống', NOW(), NOW(), 0),
  (5, 11, 7, 200000, 'Còn trống', NOW(), NOW(), 0),

  (5, 12, 1, 180000, 'Còn trống', NOW(), NOW(), 0),
  (5, 12, 2, 190000, 'Còn trống', NOW(), NOW(), 0),
  (5, 12, 3, 200000, 'Còn trống', NOW(), NOW(), 0),
  (5, 12, 4, 200000, 'Còn trống', NOW(), NOW(), 0),
  (5, 12, 5, 200000, 'Còn trống', NOW(), NOW(), 0),
  (5, 12, 6, 200000, 'Còn trống', NOW(), NOW(), 0),
  (5, 12, 7, 200000, 'Còn trống', NOW(), NOW(), 0),
  
  (5, 13, 1, 180000, 'Còn trống', NOW(), NOW(), 0),
  (5, 13, 2, 190000, 'Còn trống', NOW(), NOW(), 0),
  (5, 13, 3, 200000, 'Còn trống', NOW(), NOW(), 0),
  (5, 13, 4, 200000, 'Còn trống', NOW(), NOW(), 0),
  (5, 13, 5, 200000, 'Còn trống', NOW(), NOW(), 0),
  (5, 13, 6, 200000, 'Còn trống', NOW(), NOW(), 0),
  (5, 13, 7, 200000, 'Còn trống', NOW(), NOW(), 0),
  
  (5, 14, 1, 180000, 'Còn trống', NOW(), NOW(), 0),
  (5, 14, 2, 190000, 'Còn trống', NOW(), NOW(), 0),
  (5, 14, 3, 200000, 'Còn trống', NOW(), NOW(), 0),
  (5, 14, 4, 200000, 'Còn trống', NOW(), NOW(), 0),
  (5, 14, 5, 200000, 'Còn trống', NOW(), NOW(), 0),
  (5, 14, 6, 200000, 'Còn trống', NOW(), NOW(), 0),
  (5, 14, 7, 200000, 'Còn trống', NOW(), NOW(), 0),
  
  (5, 15, 1, 180000, 'Còn trống', NOW(), NOW(), 0),
  (5, 15, 2, 190000, 'Còn trống', NOW(), NOW(), 0),
  (5, 15, 3, 200000, 'Còn trống', NOW(), NOW(), 0),
  (5, 15, 4, 200000, 'Còn trống', NOW(), NOW(), 0),
  (5, 15, 5, 200000, 'Còn trống', NOW(), NOW(), 0),
  (5, 15, 6, 200000, 'Còn trống', NOW(), NOW(), 0),
  (5, 15, 7, 200000, 'Còn trống', NOW(), NOW(), 0),
  
  (5, 16, 1, 180000, 'Còn trống', NOW(), NOW(), 0),
  (5, 16, 2, 190000, 'Còn trống', NOW(), NOW(), 0),
  (5, 16, 3, 200000, 'Còn trống', NOW(), NOW(), 0),
  (5, 16, 4, 200000, 'Còn trống', NOW(), NOW(), 0),
  (5, 16, 5, 200000, 'Còn trống', NOW(), NOW(), 0),
  (5, 16, 6, 200000, 'Còn trống', NOW(), NOW(), 0),
  (5, 16, 7, 200000, 'Còn trống', NOW(), NOW(), 0),
  
  (5, 17, 1, 180000, 'Còn trống', NOW(), NOW(), 0),
  (5, 17, 2, 190000, 'Còn trống', NOW(), NOW(), 0),
  (5, 17, 3, 200000, 'Còn trống', NOW(), NOW(), 0),
  (5, 17, 4, 200000, 'Còn trống', NOW(), NOW(), 0),
  (5, 17, 5, 200000, 'Còn trống', NOW(), NOW(), 0),
  (5, 17, 6, 200000, 'Còn trống', NOW(), NOW(), 0),
  (5, 17, 7, 200000, 'Còn trống', NOW(), NOW(), 0),
  
  (5, 18, 1, 180000, 'Còn trống', NOW(), NOW(), 0),
  (5, 18, 2, 190000, 'Còn trống', NOW(), NOW(), 0),
  (5, 18, 3, 200000, 'Còn trống', NOW(), NOW(), 0),
  (5, 18, 4, 200000, 'Còn trống', NOW(), NOW(), 0),
  (5, 18, 5, 200000, 'Còn trống', NOW(), NOW(), 0),
  (5, 18, 6, 200000, 'Còn trống', NOW(), NOW(), 0),
  (5, 18, 7, 200000, 'Còn trống', NOW(), NOW(), 0),
  
  (5, 19, 1, 180000, 'Còn trống', NOW(), NOW(), 0),
  (5, 19, 2, 190000, 'Còn trống', NOW(), NOW(), 0),
  (5, 19, 3, 200000, 'Còn trống', NOW(), NOW(), 0),
  (5, 19, 4, 200000, 'Còn trống', NOW(), NOW(), 0),
  (5, 19, 5, 200000, 'Còn trống', NOW(), NOW(), 0),
  (5, 19, 6, 200000, 'Còn trống', NOW(), NOW(), 0),
  (5, 19, 7, 200000, 'Còn trống', NOW(), NOW(), 0),

  (5, 20, 1, 180000, 'Còn trống', NOW(), NOW(), 0),
  (5, 20, 2, 190000, 'Còn trống', NOW(), NOW(), 0),
  (5, 20, 3, 200000, 'Còn trống', NOW(), NOW(), 0),
  (5, 20, 4, 200000, 'Còn trống', NOW(), NOW(), 0),
  (5, 20, 5, 200000, 'Còn trống', NOW(), NOW(), 0),
  (5, 20, 6, 200000, 'Còn trống', NOW(), NOW(), 0),
  (5, 20, 7, 200000, 'Còn trống', NOW(), NOW(), 0),
  
  (5, 21, 1, 180000, 'Còn trống', NOW(), NOW(), 0),
  (5, 21, 2, 190000, 'Còn trống', NOW(), NOW(), 0),
  (5, 21, 3, 200000, 'Còn trống', NOW(), NOW(), 0),
  (5, 21, 4, 200000, 'Còn trống', NOW(), NOW(), 0),
  (5, 21, 5, 200000, 'Còn trống', NOW(), NOW(), 0),
  (5, 21, 6, 200000, 'Còn trống', NOW(), NOW(), 0),
  (5, 21, 7, 200000, 'Còn trống', NOW(), NOW(), 0),
  
  (5, 22, 1, 180000, 'Còn trống', NOW(), NOW(), 0),
  (5, 22, 2, 190000, 'Còn trống', NOW(), NOW(), 0),
  (5, 22, 3, 200000, 'Còn trống', NOW(), NOW(), 0),
  (5, 22, 4, 200000, 'Còn trống', NOW(), NOW(), 0),
  (5, 22, 5, 200000, 'Còn trống', NOW(), NOW(), 0),
  (5, 22, 6, 200000, 'Còn trống', NOW(), NOW(), 0),
  (5, 22, 7, 200000, 'Còn trống', NOW(), NOW(), 0),
  
  (5, 23, 1, 180000, 'Hoạt động', NOW(), NOW(), 0),
  (5, 23, 2, 190000, 'Hoạt động', NOW(), NOW(), 0),
  (5, 23, 3, 200000, 'Hoạt động', NOW(), NOW(), 0),
  (5, 23, 4, 200000, 'Hoạt động', NOW(), NOW(), 0),
  (5, 23, 5, 200000, 'Hoạt động', NOW(), NOW(), 0),
  (5, 23, 6, 200000, 'Hoạt động', NOW(), NOW(), 0),
  (5, 23, 7, 200000, 'Hoạt động', NOW(), NOW(), 0),
  
  (6, 1, 1, 110000, 'Còn trống', NOW(), NOW(), 0),
  (6, 1, 2, 120000, 'Còn trống', NOW(), NOW(), 0),
  (6, 1, 3, 130000, 'Còn trống', NOW(), NOW(), 0),
  (6, 1, 4, 140000, 'Còn trống', NOW(), NOW(), 0),
  (6, 1, 5, 150000, 'Còn trống', NOW(), NOW(), 0),
  (6, 1, 6, 160000, 'Còn trống', NOW(), NOW(), 0),
  (6, 1, 7, 170000, 'Còn trống', NOW(), NOW(), 0),
  
  (6, 2, 1, 180000, 'Còn trống', NOW(), NOW(), 0),
  (6, 2, 2, 190000, 'Còn trống', NOW(), NOW(), 0),
  (6, 2, 3, 200000, 'Còn trống', NOW(), NOW(), 0),
  (6, 2, 4, 200000, 'Còn trống', NOW(), NOW(), 0),
  (6, 2, 5, 200000, 'Còn trống', NOW(), NOW(), 0),
  (6, 2, 6, 200000, 'Còn trống', NOW(), NOW(), 0),
  (6, 2, 7, 200000, 'Còn trống', NOW(), NOW(), 0),

  (6, 3, 1, 180000, 'Còn trống', NOW(), NOW(), 0),
  (6, 3, 2, 190000, 'Còn trống', NOW(), NOW(), 0),
  (6, 3, 3, 200000, 'Còn trống', NOW(), NOW(), 0),
  (6, 3, 4, 200000, 'Còn trống', NOW(), NOW(), 0),
  (6, 3, 5, 200000, 'Còn trống', NOW(), NOW(), 0),
  (6, 3, 6, 200000, 'Còn trống', NOW(), NOW(), 0),
  (6, 3, 7, 200000, 'Còn trống', NOW(), NOW(), 0),

  (6, 4, 1, 180000, 'Còn trống', NOW(), NOW(), 0),
  (6, 4, 2, 190000, 'Còn trống', NOW(), NOW(), 0),
  (6, 4, 3, 200000, 'Còn trống', NOW(), NOW(), 0),
  (6, 4, 4, 200000, 'Còn trống', NOW(), NOW(), 0),
  (6, 4, 5, 200000, 'Còn trống', NOW(), NOW(), 0),
  (6, 4, 6, 200000, 'Còn trống', NOW(), NOW(), 0),
  (6, 4, 7, 200000, 'Còn trống', NOW(), NOW(), 0),
  
  (6, 5, 1, 180000, 'Còn trống', NOW(), NOW(), 0),
  (6, 5, 2, 190000, 'Còn trống', NOW(), NOW(), 0),
  (6, 5, 3, 200000, 'Còn trống', NOW(), NOW(), 0),
  (6, 5, 4, 200000, 'Còn trống', NOW(), NOW(), 0),
  (6, 5, 5, 200000, 'Còn trống', NOW(), NOW(), 0),
  (6, 5, 6, 200000, 'Còn trống', NOW(), NOW(), 0),
  (6, 5, 7, 200000, 'Còn trống', NOW(), NOW(), 0),
  
  (6, 6, 1, 180000, 'Còn trống', NOW(), NOW(), 0),
  (6, 6, 2, 190000, 'Còn trống', NOW(), NOW(), 0),
  (6, 6, 3, 200000, 'Còn trống', NOW(), NOW(), 0),
  (6, 6, 4, 200000, 'Còn trống', NOW(), NOW(), 0),
  (6, 6, 5, 200000, 'Còn trống', NOW(), NOW(), 0),
  (6, 6, 6, 200000, 'Còn trống', NOW(), NOW(), 0),
  (6, 6, 7, 200000, 'Còn trống', NOW(), NOW(), 0),
  
  (6, 7, 1, 180000, 'Còn trống', NOW(), NOW(), 0),
  (6, 7, 2, 190000, 'Còn trống', NOW(), NOW(), 0),
  (6, 7, 3, 200000, 'Còn trống', NOW(), NOW(), 0),
  (6, 7, 4, 200000, 'Còn trống', NOW(), NOW(), 0),
  (6, 7, 5, 200000, 'Còn trống', NOW(), NOW(), 0),
  (6, 7, 6, 200000, 'Còn trống', NOW(), NOW(), 0),
  (6, 7, 7, 200000, 'Còn trống', NOW(), NOW(), 0),

  (6, 8, 1, 180000, 'Còn trống', NOW(), NOW(), 0),
  (6, 8, 2, 190000, 'Còn trống', NOW(), NOW(), 0),
  (6, 8, 3, 200000, 'Còn trống', NOW(), NOW(), 0),
  (6, 8, 4, 200000, 'Còn trống', NOW(), NOW(), 0),
  (6, 8, 5, 200000, 'Còn trống', NOW(), NOW(), 0),
  (6, 8, 6, 200000, 'Còn trống', NOW(), NOW(), 0),
  (6, 8, 7, 200000, 'Còn trống', NOW(), NOW(), 0),
  
  (6, 9, 1, 180000, 'Còn trống', NOW(), NOW(), 0),
  (6, 9, 2, 190000, 'Còn trống', NOW(), NOW(), 0),
  (6, 9, 3, 200000, 'Còn trống', NOW(), NOW(), 0),
  (6, 9, 4, 200000, 'Còn trống', NOW(), NOW(), 0),
  (6, 9, 5, 200000, 'Còn trống', NOW(), NOW(), 0),
  (6, 9, 6, 200000, 'Còn trống', NOW(), NOW(), 0),
  (6, 9, 7, 200000, 'Còn trống', NOW(), NOW(), 0),
  
  (6, 10, 1, 180000, 'Còn trống', NOW(), NOW(), 0),
  (6, 10, 2, 190000, 'Còn trống', NOW(), NOW(), 0),
  (6, 10, 3, 200000, 'Còn trống', NOW(), NOW(), 0),
  (6, 10, 4, 200000, 'Còn trống', NOW(), NOW(), 0),
  (6, 10, 5, 200000, 'Còn trống', NOW(), NOW(), 0),
  (6, 10, 6, 200000, 'Còn trống', NOW(), NOW(), 0),
  (6, 10, 7, 200000, 'Còn trống', NOW(), NOW(), 0),
  
  (6, 11, 1, 180000, 'Còn trống', NOW(), NOW(), 0),
  (6, 11, 2, 190000, 'Còn trống', NOW(), NOW(), 0),
  (6, 11, 3, 200000, 'Còn trống', NOW(), NOW(), 0),
  (6, 11, 4, 200000, 'Còn trống', NOW(), NOW(), 0),
  (6, 11, 5, 200000, 'Còn trống', NOW(), NOW(), 0),
  (6, 11, 6, 200000, 'Còn trống', NOW(), NOW(), 0),
  (6, 11, 7, 200000, 'Còn trống', NOW(), NOW(), 0),

  (6, 12, 1, 180000, 'Còn trống', NOW(), NOW(), 0),
  (6, 12, 2, 190000, 'Còn trống', NOW(), NOW(), 0),
  (6, 12, 3, 200000, 'Còn trống', NOW(), NOW(), 0),
  (6, 12, 4, 200000, 'Còn trống', NOW(), NOW(), 0),
  (6, 12, 5, 200000, 'Còn trống', NOW(), NOW(), 0),
  (6, 12, 6, 200000, 'Còn trống', NOW(), NOW(), 0),
  (6, 12, 7, 200000, 'Còn trống', NOW(), NOW(), 0),
  
  (6, 13, 1, 180000, 'Còn trống', NOW(), NOW(), 0),
  (6, 13, 2, 190000, 'Còn trống', NOW(), NOW(), 0),
  (6, 13, 3, 200000, 'Còn trống', NOW(), NOW(), 0),
  (6, 13, 4, 200000, 'Còn trống', NOW(), NOW(), 0),
  (6, 13, 5, 200000, 'Còn trống', NOW(), NOW(), 0),
  (6, 13, 6, 200000, 'Còn trống', NOW(), NOW(), 0),
  (6, 13, 7, 200000, 'Còn trống', NOW(), NOW(), 0),
  
  (6, 14, 1, 180000, 'Còn trống', NOW(), NOW(), 0),
  (6, 14, 2, 190000, 'Còn trống', NOW(), NOW(), 0),
  (6, 14, 3, 200000, 'Còn trống', NOW(), NOW(), 0),
  (6, 14, 4, 200000, 'Còn trống', NOW(), NOW(), 0),
  (6, 14, 5, 200000, 'Còn trống', NOW(), NOW(), 0),
  (6, 14, 6, 200000, 'Còn trống', NOW(), NOW(), 0),
  (6, 14, 7, 200000, 'Còn trống', NOW(), NOW(), 0),
  
  (6, 15, 1, 180000, 'Còn trống', NOW(), NOW(), 0),
  (6, 15, 2, 190000, 'Còn trống', NOW(), NOW(), 0),
  (6, 15, 3, 200000, 'Còn trống', NOW(), NOW(), 0),
  (6, 15, 4, 200000, 'Còn trống', NOW(), NOW(), 0),
  (6, 15, 5, 200000, 'Còn trống', NOW(), NOW(), 0),
  (6, 15, 6, 200000, 'Còn trống', NOW(), NOW(), 0),
  (6, 15, 7, 200000, 'Còn trống', NOW(), NOW(), 0),
  
  (6, 16, 1, 180000, 'Còn trống', NOW(), NOW(), 0),
  (6, 16, 2, 190000, 'Còn trống', NOW(), NOW(), 0),
  (6, 16, 3, 200000, 'Còn trống', NOW(), NOW(), 0),
  (6, 16, 4, 200000, 'Còn trống', NOW(), NOW(), 0),
  (6, 16, 5, 200000, 'Còn trống', NOW(), NOW(), 0),
  (6, 16, 6, 200000, 'Còn trống', NOW(), NOW(), 0),
  (6, 16, 7, 200000, 'Còn trống', NOW(), NOW(), 0),
  
  (6, 17, 1, 180000, 'Còn trống', NOW(), NOW(), 0),
  (6, 17, 2, 190000, 'Còn trống', NOW(), NOW(), 0),
  (6, 17, 3, 200000, 'Còn trống', NOW(), NOW(), 0),
  (6, 17, 4, 200000, 'Còn trống', NOW(), NOW(), 0),
  (6, 17, 5, 200000, 'Còn trống', NOW(), NOW(), 0),
  (6, 17, 6, 200000, 'Còn trống', NOW(), NOW(), 0),
  (6, 17, 7, 200000, 'Còn trống', NOW(), NOW(), 0),
  
  (6, 18, 1, 180000, 'Còn trống', NOW(), NOW(), 0),
  (6, 18, 2, 190000, 'Còn trống', NOW(), NOW(), 0),
  (6, 18, 3, 200000, 'Còn trống', NOW(), NOW(), 0),
  (6, 18, 4, 200000, 'Còn trống', NOW(), NOW(), 0),
  (6, 18, 5, 200000, 'Còn trống', NOW(), NOW(), 0),
  (6, 18, 6, 200000, 'Còn trống', NOW(), NOW(), 0),
  (6, 18, 7, 200000, 'Còn trống', NOW(), NOW(), 0),
  
  (6, 19, 1, 180000, 'Còn trống', NOW(), NOW(), 0),
  (6, 19, 2, 190000, 'Còn trống', NOW(), NOW(), 0),
  (6, 19, 3, 200000, 'Còn trống', NOW(), NOW(), 0),
  (6, 19, 4, 200000, 'Còn trống', NOW(), NOW(), 0),
  (6, 19, 5, 200000, 'Còn trống', NOW(), NOW(), 0),
  (6, 19, 6, 200000, 'Còn trống', NOW(), NOW(), 0),
  (6, 19, 7, 200000, 'Còn trống', NOW(), NOW(), 0),

  (6, 20, 1, 180000, 'Còn trống', NOW(), NOW(), 0),
  (6, 20, 2, 190000, 'Còn trống', NOW(), NOW(), 0),
  (6, 20, 3, 200000, 'Còn trống', NOW(), NOW(), 0),
  (6, 20, 4, 200000, 'Còn trống', NOW(), NOW(), 0),
  (6, 20, 5, 200000, 'Còn trống', NOW(), NOW(), 0),
  (6, 20, 6, 200000, 'Còn trống', NOW(), NOW(), 0),
  (6, 20, 7, 200000, 'Còn trống', NOW(), NOW(), 0),
  
  (6, 21, 1, 180000, 'Còn trống', NOW(), NOW(), 0),
  (6, 21, 2, 190000, 'Còn trống', NOW(), NOW(), 0),
  (6, 21, 3, 200000, 'Còn trống', NOW(), NOW(), 0),
  (6, 21, 4, 200000, 'Còn trống', NOW(), NOW(), 0),
  (6, 21, 5, 200000, 'Còn trống', NOW(), NOW(), 0),
  (6, 21, 6, 200000, 'Còn trống', NOW(), NOW(), 0),
  (6, 21, 7, 200000, 'Còn trống', NOW(), NOW(), 0),
  
  (6, 22, 1, 180000, 'Còn trống', NOW(), NOW(), 0),
  (6, 22, 2, 190000, 'Còn trống', NOW(), NOW(), 0),
  (6, 22, 3, 200000, 'Còn trống', NOW(), NOW(), 0),
  (6, 22, 4, 200000, 'Còn trống', NOW(), NOW(), 0),
  (6, 22, 5, 200000, 'Còn trống', NOW(), NOW(), 0),
  (6, 22, 6, 200000, 'Còn trống', NOW(), NOW(), 0),
  (6, 22, 7, 200000, 'Còn trống', NOW(), NOW(), 0),
  
  (6, 23, 1, 180000, 'Hoạt động', NOW(), NOW(), 0),
  (6, 23, 2, 190000, 'Hoạt động', NOW(), NOW(), 0),
  (6, 23, 3, 200000, 'Hoạt động', NOW(), NOW(), 0),
  (6, 23, 4, 200000, 'Hoạt động', NOW(), NOW(), 0),
  (6, 23, 5, 200000, 'Hoạt động', NOW(), NOW(), 0),
  (6, 23, 6, 200000, 'Hoạt động', NOW(), NOW(), 0),
  (6, 23, 7, 200000, 'Hoạt động', NOW(), NOW(), 0),
  
  (7, 1, 1, 110000, 'Còn trống', NOW(), NOW(), 0),
  (7, 1, 2, 120000, 'Còn trống', NOW(), NOW(), 0),
  (7, 1, 3, 130000, 'Còn trống', NOW(), NOW(), 0),
  (7, 1, 4, 140000, 'Còn trống', NOW(), NOW(), 0),
  (7, 1, 5, 150000, 'Còn trống', NOW(), NOW(), 0),
  (7, 1, 6, 160000, 'Còn trống', NOW(), NOW(), 0),
  (7, 1, 7, 170000, 'Còn trống', NOW(), NOW(), 0),
  
  (7, 2, 1, 180000, 'Còn trống', NOW(), NOW(), 0),
  (7, 2, 2, 190000, 'Còn trống', NOW(), NOW(), 0),
  (7, 2, 3, 200000, 'Còn trống', NOW(), NOW(), 0),
  (7, 2, 4, 200000, 'Còn trống', NOW(), NOW(), 0),
  (7, 2, 5, 200000, 'Còn trống', NOW(), NOW(), 0),
  (7, 2, 6, 200000, 'Còn trống', NOW(), NOW(), 0),
  (7, 2, 7, 200000, 'Còn trống', NOW(), NOW(), 0),

  (7, 3, 1, 180000, 'Còn trống', NOW(), NOW(), 0),
  (7, 3, 2, 190000, 'Còn trống', NOW(), NOW(), 0),
  (7, 3, 3, 200000, 'Còn trống', NOW(), NOW(), 0),
  (7, 3, 4, 200000, 'Còn trống', NOW(), NOW(), 0),
  (7, 3, 5, 200000, 'Còn trống', NOW(), NOW(), 0),
  (7, 3, 6, 200000, 'Còn trống', NOW(), NOW(), 0),
  (7, 3, 7, 200000, 'Còn trống', NOW(), NOW(), 0),

  (7, 4, 1, 180000, 'Còn trống', NOW(), NOW(), 0),
  (7, 4, 2, 190000, 'Còn trống', NOW(), NOW(), 0),
  (7, 4, 3, 200000, 'Còn trống', NOW(), NOW(), 0),
  (7, 4, 4, 200000, 'Còn trống', NOW(), NOW(), 0),
  (7, 4, 5, 200000, 'Còn trống', NOW(), NOW(), 0),
  (7, 4, 6, 200000, 'Còn trống', NOW(), NOW(), 0),
  (7, 4, 7, 200000, 'Còn trống', NOW(), NOW(), 0),
  
  (7, 5, 1, 180000, 'Còn trống', NOW(), NOW(), 0),
  (7, 5, 2, 190000, 'Còn trống', NOW(), NOW(), 0),
  (7, 5, 3, 200000, 'Còn trống', NOW(), NOW(), 0),
  (7, 5, 4, 200000, 'Còn trống', NOW(), NOW(), 0),
  (7, 5, 5, 200000, 'Còn trống', NOW(), NOW(), 0),
  (7, 5, 6, 200000, 'Còn trống', NOW(), NOW(), 0),
  (7, 5, 7, 200000, 'Còn trống', NOW(), NOW(), 0),
  
  (7, 6, 1, 180000, 'Còn trống', NOW(), NOW(), 0),
  (7, 6, 2, 190000, 'Còn trống', NOW(), NOW(), 0),
  (7, 6, 3, 200000, 'Còn trống', NOW(), NOW(), 0),
  (7, 6, 4, 200000, 'Còn trống', NOW(), NOW(), 0),
  (7, 6, 5, 200000, 'Còn trống', NOW(), NOW(), 0),
  (7, 6, 6, 200000, 'Còn trống', NOW(), NOW(), 0),
  (7, 6, 7, 200000, 'Còn trống', NOW(), NOW(), 0),
  
  (7, 7, 1, 180000, 'Còn trống', NOW(), NOW(), 0),
  (7, 7, 2, 190000, 'Còn trống', NOW(), NOW(), 0),
  (7, 7, 3, 200000, 'Còn trống', NOW(), NOW(), 0),
  (7, 7, 4, 200000, 'Còn trống', NOW(), NOW(), 0),
  (7, 7, 5, 200000, 'Còn trống', NOW(), NOW(), 0),
  (7, 7, 6, 200000, 'Còn trống', NOW(), NOW(), 0),
  (7, 7, 7, 200000, 'Còn trống', NOW(), NOW(), 0),

  (7, 8, 1, 180000, 'Còn trống', NOW(), NOW(), 0),
  (7, 8, 2, 190000, 'Còn trống', NOW(), NOW(), 0),
  (7, 8, 3, 200000, 'Còn trống', NOW(), NOW(), 0),
  (7, 8, 4, 200000, 'Còn trống', NOW(), NOW(), 0),
  (7, 8, 5, 200000, 'Còn trống', NOW(), NOW(), 0),
  (7, 8, 6, 200000, 'Còn trống', NOW(), NOW(), 0),
  (7, 8, 7, 200000, 'Còn trống', NOW(), NOW(), 0),
  
  (7, 9, 1, 180000, 'Còn trống', NOW(), NOW(), 0),
  (7, 9, 2, 190000, 'Còn trống', NOW(), NOW(), 0),
  (7, 9, 3, 200000, 'Còn trống', NOW(), NOW(), 0),
  (7, 9, 4, 200000, 'Còn trống', NOW(), NOW(), 0),
  (7, 9, 5, 200000, 'Còn trống', NOW(), NOW(), 0),
  (7, 9, 6, 200000, 'Còn trống', NOW(), NOW(), 0),
  (7, 9, 7, 200000, 'Còn trống', NOW(), NOW(), 0),
  
  (7, 10, 1, 180000, 'Còn trống', NOW(), NOW(), 0),
  (7, 10, 2, 190000, 'Còn trống', NOW(), NOW(), 0),
  (7, 10, 3, 200000, 'Còn trống', NOW(), NOW(), 0),
  (7, 10, 4, 200000, 'Còn trống', NOW(), NOW(), 0),
  (7, 10, 5, 200000, 'Còn trống', NOW(), NOW(), 0),
  (7, 10, 6, 200000, 'Còn trống', NOW(), NOW(), 0),
  (7, 10, 7, 200000, 'Còn trống', NOW(), NOW(), 0),
  
  (7, 11, 1, 180000, 'Còn trống', NOW(), NOW(), 0),
  (7, 11, 2, 190000, 'Còn trống', NOW(), NOW(), 0),
  (7, 11, 3, 200000, 'Còn trống', NOW(), NOW(), 0),
  (7, 11, 4, 200000, 'Còn trống', NOW(), NOW(), 0),
  (7, 11, 5, 200000, 'Còn trống', NOW(), NOW(), 0),
  (7, 11, 6, 200000, 'Còn trống', NOW(), NOW(), 0),
  (7, 11, 7, 200000, 'Còn trống', NOW(), NOW(), 0),

  (7, 12, 1, 180000, 'Còn trống', NOW(), NOW(), 0),
  (7, 12, 2, 190000, 'Còn trống', NOW(), NOW(), 0),
  (7, 12, 3, 200000, 'Còn trống', NOW(), NOW(), 0),
  (7, 12, 4, 200000, 'Còn trống', NOW(), NOW(), 0),
  (7, 12, 5, 200000, 'Còn trống', NOW(), NOW(), 0),
  (7, 12, 6, 200000, 'Còn trống', NOW(), NOW(), 0),
  (7, 12, 7, 200000, 'Còn trống', NOW(), NOW(), 0),
  
  (7, 13, 1, 180000, 'Còn trống', NOW(), NOW(), 0),
  (7, 13, 2, 190000, 'Còn trống', NOW(), NOW(), 0),
  (7, 13, 3, 200000, 'Còn trống', NOW(), NOW(), 0),
  (7, 13, 4, 200000, 'Còn trống', NOW(), NOW(), 0),
  (7, 13, 5, 200000, 'Còn trống', NOW(), NOW(), 0),
  (7, 13, 6, 200000, 'Còn trống', NOW(), NOW(), 0),
  (7, 13, 7, 200000, 'Còn trống', NOW(), NOW(), 0),
  
  (7, 14, 1, 180000, 'Còn trống', NOW(), NOW(), 0),
  (7, 14, 2, 190000, 'Còn trống', NOW(), NOW(), 0),
  (7, 14, 3, 200000, 'Còn trống', NOW(), NOW(), 0),
  (7, 14, 4, 200000, 'Còn trống', NOW(), NOW(), 0),
  (7, 14, 5, 200000, 'Còn trống', NOW(), NOW(), 0),
  (7, 14, 6, 200000, 'Còn trống', NOW(), NOW(), 0),
  (7, 14, 7, 200000, 'Còn trống', NOW(), NOW(), 0),
  
  (7, 15, 1, 180000, 'Còn trống', NOW(), NOW(), 0),
  (7, 15, 2, 190000, 'Còn trống', NOW(), NOW(), 0),
  (7, 15, 3, 200000, 'Còn trống', NOW(), NOW(), 0),
  (7, 15, 4, 200000, 'Còn trống', NOW(), NOW(), 0),
  (7, 15, 5, 200000, 'Còn trống', NOW(), NOW(), 0),
  (7, 15, 6, 200000, 'Còn trống', NOW(), NOW(), 0),
  (7, 15, 7, 200000, 'Còn trống', NOW(), NOW(), 0),
  
  (7, 16, 1, 180000, 'Còn trống', NOW(), NOW(), 0),
  (7, 16, 2, 190000, 'Còn trống', NOW(), NOW(), 0),
  (7, 16, 3, 200000, 'Còn trống', NOW(), NOW(), 0),
  (7, 16, 4, 200000, 'Còn trống', NOW(), NOW(), 0),
  (7, 16, 5, 200000, 'Còn trống', NOW(), NOW(), 0),
  (7, 16, 6, 200000, 'Còn trống', NOW(), NOW(), 0),
  (7, 16, 7, 200000, 'Còn trống', NOW(), NOW(), 0),
  
  (7, 17, 1, 180000, 'Còn trống', NOW(), NOW(), 0),
  (7, 17, 2, 190000, 'Còn trống', NOW(), NOW(), 0),
  (7, 17, 3, 200000, 'Còn trống', NOW(), NOW(), 0),
  (7, 17, 4, 200000, 'Còn trống', NOW(), NOW(), 0),
  (7, 17, 5, 200000, 'Còn trống', NOW(), NOW(), 0),
  (7, 17, 6, 200000, 'Còn trống', NOW(), NOW(), 0),
  (7, 17, 7, 200000, 'Còn trống', NOW(), NOW(), 0),
  
  (7, 18, 1, 180000, 'Còn trống', NOW(), NOW(), 0),
  (7, 18, 2, 190000, 'Còn trống', NOW(), NOW(), 0),
  (7, 18, 3, 200000, 'Còn trống', NOW(), NOW(), 0),
  (7, 18, 4, 200000, 'Còn trống', NOW(), NOW(), 0),
  (7, 18, 5, 200000, 'Còn trống', NOW(), NOW(), 0),
  (7, 18, 6, 200000, 'Còn trống', NOW(), NOW(), 0),
  (7, 18, 7, 200000, 'Còn trống', NOW(), NOW(), 0),
  
  (7, 19, 1, 180000, 'Còn trống', NOW(), NOW(), 0),
  (7, 19, 2, 190000, 'Còn trống', NOW(), NOW(), 0),
  (7, 19, 3, 200000, 'Còn trống', NOW(), NOW(), 0),
  (7, 19, 4, 200000, 'Còn trống', NOW(), NOW(), 0),
  (7, 19, 5, 200000, 'Còn trống', NOW(), NOW(), 0),
  (7, 19, 6, 200000, 'Còn trống', NOW(), NOW(), 0),
  (7, 19, 7, 200000, 'Còn trống', NOW(), NOW(), 0),

  (7, 20, 1, 180000, 'Còn trống', NOW(), NOW(), 0),
  (7, 20, 2, 190000, 'Còn trống', NOW(), NOW(), 0),
  (7, 20, 3, 200000, 'Còn trống', NOW(), NOW(), 0),
  (7, 20, 4, 200000, 'Còn trống', NOW(), NOW(), 0),
  (7, 20, 5, 200000, 'Còn trống', NOW(), NOW(), 0),
  (7, 20, 6, 200000, 'Còn trống', NOW(), NOW(), 0),
  (7, 20, 7, 200000, 'Còn trống', NOW(), NOW(), 0),
  
  (7, 21, 1, 180000, 'Còn trống', NOW(), NOW(), 0),
  (7, 21, 2, 190000, 'Còn trống', NOW(), NOW(), 0),
  (7, 21, 3, 200000, 'Còn trống', NOW(), NOW(), 0),
  (7, 21, 4, 200000, 'Còn trống', NOW(), NOW(), 0),
  (7, 21, 5, 200000, 'Còn trống', NOW(), NOW(), 0),
  (7, 21, 6, 200000, 'Còn trống', NOW(), NOW(), 0),
  (7, 21, 7, 200000, 'Còn trống', NOW(), NOW(), 0),
  
  (7, 22, 1, 180000, 'Còn trống', NOW(), NOW(), 0),
  (7, 22, 2, 190000, 'Còn trống', NOW(), NOW(), 0),
  (7, 22, 3, 200000, 'Còn trống', NOW(), NOW(), 0),
  (7, 22, 4, 200000, 'Còn trống', NOW(), NOW(), 0),
  (7, 22, 5, 200000, 'Còn trống', NOW(), NOW(), 0),
  (7, 22, 6, 200000, 'Còn trống', NOW(), NOW(), 0),
  (7, 22, 7, 200000, 'Còn trống', NOW(), NOW(), 0),
  
  (7, 23, 1, 180000, 'Hoạt động', NOW(), NOW(), 0),
  (7, 23, 2, 190000, 'Hoạt động', NOW(), NOW(), 0),
  (7, 23, 3, 200000, 'Hoạt động', NOW(), NOW(), 0),
  (7, 23, 4, 200000, 'Hoạt động', NOW(), NOW(), 0),
  (7, 23, 5, 200000, 'Hoạt động', NOW(), NOW(), 0),
  (7, 23, 6, 200000, 'Hoạt động', NOW(), NOW(), 0),
  (7, 23, 7, 200000, 'Hoạt động', NOW(), NOW(), 0),
  
  (8, 1, 1, 110000, 'Còn trống', NOW(), NOW(), 0),
  (8, 1, 2, 120000, 'Còn trống', NOW(), NOW(), 0),
  (8, 1, 3, 130000, 'Còn trống', NOW(), NOW(), 0),
  (8, 1, 4, 140000, 'Còn trống', NOW(), NOW(), 0),
  (8, 1, 5, 150000, 'Còn trống', NOW(), NOW(), 0),
  (8, 1, 6, 160000, 'Còn trống', NOW(), NOW(), 0),
  (8, 1, 7, 170000, 'Còn trống', NOW(), NOW(), 0),
  
  (8, 2, 1, 180000, 'Còn trống', NOW(), NOW(), 0),
  (8, 2, 2, 190000, 'Còn trống', NOW(), NOW(), 0),
  (8, 2, 3, 200000, 'Còn trống', NOW(), NOW(), 0),
  (8, 2, 4, 200000, 'Còn trống', NOW(), NOW(), 0),
  (8, 2, 5, 200000, 'Còn trống', NOW(), NOW(), 0),
  (8, 2, 6, 200000, 'Còn trống', NOW(), NOW(), 0),
  (8, 2, 7, 200000, 'Còn trống', NOW(), NOW(), 0),

  (8, 3, 1, 180000, 'Còn trống', NOW(), NOW(), 0),
  (8, 3, 2, 190000, 'Còn trống', NOW(), NOW(), 0),
  (8, 3, 3, 200000, 'Còn trống', NOW(), NOW(), 0),
  (8, 3, 4, 200000, 'Còn trống', NOW(), NOW(), 0),
  (8, 3, 5, 200000, 'Còn trống', NOW(), NOW(), 0),
  (8, 3, 6, 200000, 'Còn trống', NOW(), NOW(), 0),
  (8, 3, 7, 200000, 'Còn trống', NOW(), NOW(), 0),

  (8, 4, 1, 180000, 'Còn trống', NOW(), NOW(), 0),
  (8, 4, 2, 190000, 'Còn trống', NOW(), NOW(), 0),
  (8, 4, 3, 200000, 'Còn trống', NOW(), NOW(), 0),
  (8, 4, 4, 200000, 'Còn trống', NOW(), NOW(), 0),
  (8, 4, 5, 200000, 'Còn trống', NOW(), NOW(), 0),
  (8, 4, 6, 200000, 'Còn trống', NOW(), NOW(), 0),
  (8, 4, 7, 200000, 'Còn trống', NOW(), NOW(), 0),
  
  (8, 5, 1, 180000, 'Còn trống', NOW(), NOW(), 0),
  (8, 5, 2, 190000, 'Còn trống', NOW(), NOW(), 0),
  (8, 5, 3, 200000, 'Còn trống', NOW(), NOW(), 0),
  (8, 5, 4, 200000, 'Còn trống', NOW(), NOW(), 0),
  (8, 5, 5, 200000, 'Còn trống', NOW(), NOW(), 0),
  (8, 5, 6, 200000, 'Còn trống', NOW(), NOW(), 0),
  (8, 5, 7, 200000, 'Còn trống', NOW(), NOW(), 0),
  
  (8, 6, 1, 180000, 'Còn trống', NOW(), NOW(), 0),
  (8, 6, 2, 190000, 'Còn trống', NOW(), NOW(), 0),
  (8, 6, 3, 200000, 'Còn trống', NOW(), NOW(), 0),
  (8, 6, 4, 200000, 'Còn trống', NOW(), NOW(), 0),
  (8, 6, 5, 200000, 'Còn trống', NOW(), NOW(), 0),
  (8, 6, 6, 200000, 'Còn trống', NOW(), NOW(), 0),
  (8, 6, 7, 200000, 'Còn trống', NOW(), NOW(), 0),
  
  (8, 7, 1, 180000, 'Còn trống', NOW(), NOW(), 0),
  (8, 7, 2, 190000, 'Còn trống', NOW(), NOW(), 0),
  (8, 7, 3, 200000, 'Còn trống', NOW(), NOW(), 0),
  (8, 7, 4, 200000, 'Còn trống', NOW(), NOW(), 0),
  (8, 7, 5, 200000, 'Còn trống', NOW(), NOW(), 0),
  (8, 7, 6, 200000, 'Còn trống', NOW(), NOW(), 0),
  (8, 7, 7, 200000, 'Còn trống', NOW(), NOW(), 0),

  (8, 8, 1, 180000, 'Còn trống', NOW(), NOW(), 0),
  (8, 8, 2, 190000, 'Còn trống', NOW(), NOW(), 0),
  (8, 8, 3, 200000, 'Còn trống', NOW(), NOW(), 0),
  (8, 8, 4, 200000, 'Còn trống', NOW(), NOW(), 0),
  (8, 8, 5, 200000, 'Còn trống', NOW(), NOW(), 0),
  (8, 8, 6, 200000, 'Còn trống', NOW(), NOW(), 0),
  (8, 8, 7, 200000, 'Còn trống', NOW(), NOW(), 0),
  
  (8, 9, 1, 180000, 'Còn trống', NOW(), NOW(), 0),
  (8, 9, 2, 190000, 'Còn trống', NOW(), NOW(), 0),
  (8, 9, 3, 200000, 'Còn trống', NOW(), NOW(), 0),
  (8, 9, 4, 200000, 'Còn trống', NOW(), NOW(), 0),
  (8, 9, 5, 200000, 'Còn trống', NOW(), NOW(), 0),
  (8, 9, 6, 200000, 'Còn trống', NOW(), NOW(), 0),
  (8, 9, 7, 200000, 'Còn trống', NOW(), NOW(), 0),
  
  (8, 10, 1, 180000, 'Còn trống', NOW(), NOW(), 0),
  (8, 10, 2, 190000, 'Còn trống', NOW(), NOW(), 0),
  (8, 10, 3, 200000, 'Còn trống', NOW(), NOW(), 0),
  (8, 10, 4, 200000, 'Còn trống', NOW(), NOW(), 0),
  (8, 10, 5, 200000, 'Còn trống', NOW(), NOW(), 0),
  (8, 10, 6, 200000, 'Còn trống', NOW(), NOW(), 0),
  (8, 10, 7, 200000, 'Còn trống', NOW(), NOW(), 0),
  
  (8, 11, 1, 180000, 'Còn trống', NOW(), NOW(), 0),
  (8, 11, 2, 190000, 'Còn trống', NOW(), NOW(), 0),
  (8, 11, 3, 200000, 'Còn trống', NOW(), NOW(), 0),
  (8, 11, 4, 200000, 'Còn trống', NOW(), NOW(), 0),
  (8, 11, 5, 200000, 'Còn trống', NOW(), NOW(), 0),
  (8, 11, 6, 200000, 'Còn trống', NOW(), NOW(), 0),
  (8, 11, 7, 200000, 'Còn trống', NOW(), NOW(), 0),

  (8, 12, 1, 180000, 'Còn trống', NOW(), NOW(), 0),
  (8, 12, 2, 190000, 'Còn trống', NOW(), NOW(), 0),
  (8, 12, 3, 200000, 'Còn trống', NOW(), NOW(), 0),
  (8, 12, 4, 200000, 'Còn trống', NOW(), NOW(), 0),
  (8, 12, 5, 200000, 'Còn trống', NOW(), NOW(), 0),
  (8, 12, 6, 200000, 'Còn trống', NOW(), NOW(), 0),
  (8, 12, 7, 200000, 'Còn trống', NOW(), NOW(), 0),
  
  (8, 13, 1, 180000, 'Còn trống', NOW(), NOW(), 0),
  (8, 13, 2, 190000, 'Còn trống', NOW(), NOW(), 0),
  (8, 13, 3, 200000, 'Còn trống', NOW(), NOW(), 0),
  (8, 13, 4, 200000, 'Còn trống', NOW(), NOW(), 0),
  (8, 13, 5, 200000, 'Còn trống', NOW(), NOW(), 0),
  (8, 13, 6, 200000, 'Còn trống', NOW(), NOW(), 0),
  (8, 13, 7, 200000, 'Còn trống', NOW(), NOW(), 0),
  
  (8, 14, 1, 180000, 'Còn trống', NOW(), NOW(), 0),
  (8, 14, 2, 190000, 'Còn trống', NOW(), NOW(), 0),
  (8, 14, 3, 200000, 'Còn trống', NOW(), NOW(), 0),
  (8, 14, 4, 200000, 'Còn trống', NOW(), NOW(), 0),
  (8, 14, 5, 200000, 'Còn trống', NOW(), NOW(), 0),
  (8, 14, 6, 200000, 'Còn trống', NOW(), NOW(), 0),
  (8, 14, 7, 200000, 'Còn trống', NOW(), NOW(), 0),
  
  (8, 15, 1, 180000, 'Còn trống', NOW(), NOW(), 0),
  (8, 15, 2, 190000, 'Còn trống', NOW(), NOW(), 0),
  (8, 15, 3, 200000, 'Còn trống', NOW(), NOW(), 0),
  (8, 15, 4, 200000, 'Còn trống', NOW(), NOW(), 0),
  (8, 15, 5, 200000, 'Còn trống', NOW(), NOW(), 0),
  (8, 15, 6, 200000, 'Còn trống', NOW(), NOW(), 0),
  (8, 15, 7, 200000, 'Còn trống', NOW(), NOW(), 0),
  
  (8, 16, 1, 180000, 'Còn trống', NOW(), NOW(), 0),
  (8, 16, 2, 190000, 'Còn trống', NOW(), NOW(), 0),
  (8, 16, 3, 200000, 'Còn trống', NOW(), NOW(), 0),
  (8, 16, 4, 200000, 'Còn trống', NOW(), NOW(), 0),
  (8, 16, 5, 200000, 'Còn trống', NOW(), NOW(), 0),
  (8, 16, 6, 200000, 'Còn trống', NOW(), NOW(), 0),
  (8, 16, 7, 200000, 'Còn trống', NOW(), NOW(), 0),
  
  (8, 17, 1, 180000, 'Còn trống', NOW(), NOW(), 0),
  (8, 17, 2, 190000, 'Còn trống', NOW(), NOW(), 0),
  (8, 17, 3, 200000, 'Còn trống', NOW(), NOW(), 0),
  (8, 17, 4, 200000, 'Còn trống', NOW(), NOW(), 0),
  (8, 17, 5, 200000, 'Còn trống', NOW(), NOW(), 0),
  (8, 17, 6, 200000, 'Còn trống', NOW(), NOW(), 0),
  (8, 17, 7, 200000, 'Còn trống', NOW(), NOW(), 0),
  
  (8, 18, 1, 180000, 'Còn trống', NOW(), NOW(), 0),
  (8, 18, 2, 190000, 'Còn trống', NOW(), NOW(), 0),
  (8, 18, 3, 200000, 'Còn trống', NOW(), NOW(), 0),
  (8, 18, 4, 200000, 'Còn trống', NOW(), NOW(), 0),
  (8, 18, 5, 200000, 'Còn trống', NOW(), NOW(), 0),
  (8, 18, 6, 200000, 'Còn trống', NOW(), NOW(), 0),
  (8, 18, 7, 200000, 'Còn trống', NOW(), NOW(), 0),
  
  (8, 19, 1, 180000, 'Còn trống', NOW(), NOW(), 0),
  (8, 19, 2, 190000, 'Còn trống', NOW(), NOW(), 0),
  (8, 19, 3, 200000, 'Còn trống', NOW(), NOW(), 0),
  (8, 19, 4, 200000, 'Còn trống', NOW(), NOW(), 0),
  (8, 19, 5, 200000, 'Còn trống', NOW(), NOW(), 0),
  (8, 19, 6, 200000, 'Còn trống', NOW(), NOW(), 0),
  (8, 19, 7, 200000, 'Còn trống', NOW(), NOW(), 0),

  (8, 20, 1, 180000, 'Còn trống', NOW(), NOW(), 0),
  (8, 20, 2, 190000, 'Còn trống', NOW(), NOW(), 0),
  (8, 20, 3, 200000, 'Còn trống', NOW(), NOW(), 0),
  (8, 20, 4, 200000, 'Còn trống', NOW(), NOW(), 0),
  (8, 20, 5, 200000, 'Còn trống', NOW(), NOW(), 0),
  (8, 20, 6, 200000, 'Còn trống', NOW(), NOW(), 0),
  (8, 20, 7, 200000, 'Còn trống', NOW(), NOW(), 0),
  
  (8, 21, 1, 180000, 'Còn trống', NOW(), NOW(), 0),
  (8, 21, 2, 190000, 'Còn trống', NOW(), NOW(), 0),
  (8, 21, 3, 200000, 'Còn trống', NOW(), NOW(), 0),
  (8, 21, 4, 200000, 'Còn trống', NOW(), NOW(), 0),
  (8, 21, 5, 200000, 'Còn trống', NOW(), NOW(), 0),
  (8, 21, 6, 200000, 'Còn trống', NOW(), NOW(), 0),
  (8, 21, 7, 200000, 'Còn trống', NOW(), NOW(), 0),
  
  (8, 22, 1, 180000, 'Còn trống', NOW(), NOW(), 0),
  (8, 22, 2, 190000, 'Còn trống', NOW(), NOW(), 0),
  (8, 22, 3, 200000, 'Còn trống', NOW(), NOW(), 0),
  (8, 22, 4, 200000, 'Còn trống', NOW(), NOW(), 0),
  (8, 22, 5, 200000, 'Còn trống', NOW(), NOW(), 0),
  (8, 22, 6, 200000, 'Còn trống', NOW(), NOW(), 0),
  (8, 22, 7, 200000, 'Còn trống', NOW(), NOW(), 0),
  
  (8, 23, 1, 180000, 'Hoạt động', NOW(), NOW(), 0),
  (8, 23, 2, 190000, 'Hoạt động', NOW(), NOW(), 0),
  (8, 23, 3, 200000, 'Hoạt động', NOW(), NOW(), 0),
  (8, 23, 4, 200000, 'Hoạt động', NOW(), NOW(), 0),
  (8, 23, 5, 200000, 'Hoạt động', NOW(), NOW(), 0),
  (8, 23, 6, 200000, 'Hoạt động', NOW(), NOW(), 0),
  (8, 23, 7, 200000, 'Hoạt động', NOW(), NOW(), 0);





INSERT INTO hinh_thuc_thanh_toan (hinh_thuc_thanh_toan, trang_thai, created_at, updated_at, deleted_at)
VALUES
  ('Chuyển khoản', 'active', NOW(), NOW(), 0),
  ( 'Tiền mặt', 'active', NOW(), NOW(), 0);
  


INSERT INTO do_thue (don_gia, so_luong, ten_do_thue, trang_thai, created_at, updated_at, deleted_at, image_data)
VALUES
(30000, 150, 'Giày cá tính', 'Còn', NOW(), NOW(), 0, 'https://res.cloudinary.com/dsuehugin/image/upload/v1729485498/lodtasdf5ratvwqfioms.webp'),
(10000, 130, 'Bảng điểm số', 'Còn', NOW(), NOW(), 0, 'https://res.cloudinary.com/dsuehugin/image/upload/v1731311488/uzqf4h9i3ndtpg4crmcg.jpg'),
(5000, 20, 'Chướng ngại vật', 'Còn', NOW(), NOW(), 0, 'https://res.cloudinary.com/dsuehugin/image/upload/v1731312712/ekhkja1gxdpvsins9geb.jpg'),
(30000, 10, 'Găng tay cá tính', 'Còn', NOW(), NOW(), 0, 'https://res.cloudinary.com/dsuehugin/image/upload/v1731312712/hzrmcxaqpe20lrz4klte.jpg'),
(20000, 10, 'Dây đàn hồi', 'Còn', NOW(), NOW(), 0, 'https://res.cloudinary.com/dsuehugin/image/upload/v1731312712/leyxqsa5neeopzxratmu.jpg'),
(30000, 10, 'Găng yêu nước', 'Còn', NOW(), NOW(), 0, 'https://res.cloudinary.com/dsuehugin/image/upload/v1731312712/lngkvssfyxhjyu6fgvg6.jpg'),
(30000, 10, 'Găng cho nữ', 'Còn', NOW(), NOW(), 0, 'https://res.cloudinary.com/dsuehugin/image/upload/v1731312712/ztyzbqtjnifuhjvuzxho.jpg'),
(100000, 0, 'Bảo vệ chân', 'Hết', NOW(), NOW(), 0, 'https://res.cloudinary.com/dsuehugin/image/upload/v1731312713/vrr5uwj5risfjhyalj34.jpg'),
(200000, 10, 'Giày thượng đình', 'Còn', NOW(), NOW(), 0, 'https://res.cloudinary.com/dsuehugin/image/upload/v1731312713/f6v3lihgvujbldauex3p.jpg'),
(100000, 100, 'Áo vip', 'Còn', NOW(), NOW(), 0, 'https://res.cloudinary.com/dsuehugin/image/upload/v1731312713/xhjludmtfndpeorg8va3.jpg'),
(100000, 10, 'Mũ bảo hiểm', 'Còn', NOW(), NOW(), 0, 'https://res.cloudinary.com/dsuehugin/image/upload/v1731312713/jx2r6cw3gibz0crht1li.jpg'),
(500000, 10, 'Trọng tài liêm khiết', 'Còn', NOW(), NOW(), 0, 'https://res.cloudinary.com/dsuehugin/image/upload/v1731312714/fl9pdxhii7ahh4batyfa.jpg');




INSERT INTO nuoc_uong (don_gia, so_luong, ten_nuoc_uong, trang_thai, created_at, updated_at, image_data)
VALUES
(10000, 100, 'Coca-Cola', 'Còn', NOW(), NOW(), 'https://res.cloudinary.com/dsuehugin/image/upload/v1728555252/z99tddvdeoa6w4ly0kgq.jpg'),
(6000, 100, 'Aquarius', 'Còn', NOW(), NOW(), 'https://res.cloudinary.com/dsuehugin/image/upload/v1728557484/qqqmb3yshzdzrmmhd51y.jpg'),
(10000, 100, 'Bia Tiger', 'Còn', NOW(), NOW(), 'https://res.cloudinary.com/dsuehugin/image/upload/v1728557484/xhvmdut9zoevmi3svoqp.jpg'),
(12000, 100, 'C2 vị ổi', 'Còn', NOW(), NOW(), 'https://res.cloudinary.com/dsuehugin/image/upload/v1728557485/mzglgz7asrvx9exu6eif.jpg'),
(12000, 100, 'C2 vị vải', 'Còn', NOW(), NOW(), 'https://res.cloudinary.com/dsuehugin/image/upload/v1728557485/pn4m4ejzovsgw7xyoz4y.jpg'),
(12000, 100, 'C2 vị dưa lưới', 'Còn', NOW(), NOW(), 'https://res.cloudinary.com/dsuehugin/image/upload/v1728557485/jd4zfwzkrmeeud7cxsnf.jpg'),
(12000, 100, 'C2 vị chanh', 'Còn', NOW(), NOW(), 'https://res.cloudinary.com/dsuehugin/image/upload/v1728557486/myhoe4wud22s8zlfxffy.jpg'),
(18000, 100, 'Monster', 'Còn', NOW(), NOW(), 'https://res.cloudinary.com/dsuehugin/image/upload/v1728557485/anpzvx0de9cqnmbdtpnt.jpg'),
(10000, 100, 'Chanh muối', 'Còn', NOW(), NOW(), 'https://res.cloudinary.com/dsuehugin/image/upload/v1728557485/qraj7exeeu1t1mytlvu0.jpg'),
(5000, 100, 'Nước lọc lavie', 'Còn', NOW(), NOW(), 'https://res.cloudinary.com/dsuehugin/image/upload/v1728557486/r9aquezhhpnqamaddht3.jpg'),
(10000, 100, 'Revive', 'Còn', NOW(), NOW(), 'https://res.cloudinary.com/dsuehugin/image/upload/v1728557486/qxredswehibjzdesgmaj.jpg'),
(13000, 0, 'Lon String đỏ', 'Hết', NOW(), NOW(), 'https://res.cloudinary.com/dsuehugin/image/upload/v1728557486/hfi20eyzmlebh4yvcro8.jpg'),
(10000, 100, 'Chai String đỏ', 'Còn', NOW(), NOW(), 'https://res.cloudinary.com/dsuehugin/image/upload/v1728557486/unmmsmqazh03kuf7qrxt.jpg'),
(13000, 100, 'Bò húc', 'Còn', NOW(), NOW(), 'https://res.cloudinary.com/dsuehugin/image/upload/v1728557486/kw0x902gsd2vhd7nrxam.jpg'),
(1000, 0, 'Chai String vàng', 'Hết', NOW(), NOW(), 'https://res.cloudinary.com/dsuehugin/image/upload/v1728557486/erv95mjtarcdvbhpfgng.jpg'),
(10000, 100, 'Trà xanh không độ', 'Còn', NOW(), NOW(), 'https://res.cloudinary.com/dsuehugin/image/upload/v1728557487/aos6ljsh4zhz2yu8vccr.jpg'),
(20000, 100, 'Warrior', 'Còn', NOW(), NOW(), 'https://res.cloudinary.com/dsuehugin/image/upload/v1728557487/fsvne0ghubuvnbowgzs1.jpg'),
(13000, 100, 'Lon String vàng', 'Còn', NOW(), NOW(), 'https://res.cloudinary.com/dsuehugin/image/upload/v1728557487/nhtnwvsvnyarpp2yqw9v.jpg');


INSERT INTO DuAnTotNghiep.`user`
(`id`,
`email`,
`enabled`,
`password`,
`username`)
VALUES
(1,'truongvmph39949@gmail.com',1,'$2a$10$nT0lmazwNrz9DwCcb3HUgejJ8/hC43FIOmYkRLKwCTZTN31E0KDMO','truongvmph39949'),
(2,'quantaph12345@gmail.com',1,'$2a$10$nT0lmazwNrz9DwCcb3HUgejJ8/hC43FIOmYkRLKwCTZTN31E0KDMO','quantaph12345'),
(3,'bangdxph39949@gmail.com',1,'$2a$10$nT0lmazwNrz9DwCcb3HUgejJ8/hC43FIOmYkRLKwCTZTN31E0KDMO','bangdxph39949'),
(4,'lynhkph12345@gmail.com',1,'$2a$10$nT0lmazwNrz9DwCcb3HUgejJ8/hC43FIOmYkRLKwCTZTN31E0KDMO','lynhkph12345'),
(5,'haipnph39949@gmail.com',1,'$2a$10$nT0lmazwNrz9DwCcb3HUgejJ8/hC43FIOmYkRLKwCTZTN31E0KDMO','haipnph39949'),
(6,'lyly1062004@gmail.com',1,'$2a$10$nT0lmazwNrz9DwCcb3HUgejJ8/hC43FIOmYkRLKwCTZTN31E0KDMO','nguyenVanA'),
(7,'trananhquan0868@gmail.com',1,'$2a$10$nT0lmazwNrz9DwCcb3HUgejJ8/hC43FIOmYkRLKwCTZTN31E0KDMO','nguyenVanB'),
(8,'nguyenvanc@gmail.com',1,'$2a$10$nT0lmazwNrz9DwCcb3HUgejJ8/hC43FIOmYkRLKwCTZTN31E0KDMO','nguyenVanC'),
(9,'nguyenvand@gmail.com',1,'$2a$10$nT0lmazwNrz9DwCcb3HUgejJ8/hC43FIOmYkRLKwCTZTN31E0KDMO','nguyenVanD'),
(10,'nguyenvane@gmail.com',1,'$2a$10$nT0lmazwNrz9DwCcb3HUgejJ8/hC43FIOmYkRLKwCTZTN31E0KDMO','nguyenVanE');


INSERT INTO `DuAnTotNghiep`.`roles`
(`id`,
`name`)
VALUES
(1,'ROLE_USER'),
(2,'ROLE_EMPLOYEE'),
(3,'ROLE_MANAGER'),
(4,'ROLE_ADMIN');

INSERT INTO `DuAnTotNghiep`.`user_roles`
(`user_id`,
`role_id`)
VALUES
(1,1),(1,2),(2,1),(2,4),(3,1),(3,4),(4,1),(4,4),(5,1),(5,4),(6,1),(7,1),(8,1),(9,1),(10,1);

-- Insert data into `hoa_don` and `hoa_don_chi_tiet`
INSERT INTO hoa_don (id, id_nhan_vien, id_khach_hang, ma_hoa_don, ngay_tao, loai, tong_tien_san, tien_coc, tong_tien, ghi_chu, trang_thai, created_at, updated_at, deleted_at)
VALUES
(1, 1, 1, 'HD001', UTC_TIMESTAMP(), 0, 500000, 250000, 500000, 'Hóa đơn 1', 'Chờ thanh toán', UTC_TIMESTAMP(), UTC_TIMESTAMP(), 0),
(2, 1, 1, 'HD002', UTC_TIMESTAMP(), 0, 700000, 350000, 700000, 'Hóa đơn 2', 'Chờ thanh toán', UTC_TIMESTAMP(), UTC_TIMESTAMP(), 0),
(3, 1, 1, 'HD003', UTC_TIMESTAMP(), 0, 600000, 300000, 600000, 'Hóa đơn 3', 'Chờ thanh toán', UTC_TIMESTAMP(), UTC_TIMESTAMP(), 0),
(4, 1, 1, 'HD004', UTC_TIMESTAMP(), 0, 800000, 400000, 800000, 'Hóa đơn 4', 'Chờ thanh toán', UTC_TIMESTAMP(), UTC_TIMESTAMP(), 0),
(5, 1, 1, 'HD005', UTC_TIMESTAMP(), 0, 550000, 275000, 550000, 'Hóa đơn 5', 'Chờ thanh toán', UTC_TIMESTAMP(), UTC_TIMESTAMP(), 0),
(6, 1, 1, 'HD006', UTC_TIMESTAMP(), 0, 650000, 325000, 650000, 'Hóa đơn 6', 'Chờ thanh toán', UTC_TIMESTAMP(), UTC_TIMESTAMP(), 0),
(7, 1, 1, 'HD007', UTC_TIMESTAMP(), 0, 900000, 450000, 900000, 'Hóa đơn 7', 'Chờ thanh toán', UTC_TIMESTAMP(), UTC_TIMESTAMP(), 0),
(8, 1, 3, 'HD008', UTC_TIMESTAMP(), 0, 750000, 375000, 750000, 'Hóa đơn 8', 'Chờ thanh toán', UTC_TIMESTAMP(), UTC_TIMESTAMP(), 0),
(9, 1, 4, 'HD009', UTC_TIMESTAMP(), 0, 850000, 425000, 850000, 'Hóa đơn 9', 'Chờ thanh toán', UTC_TIMESTAMP(), UTC_TIMESTAMP(), 0),
(10, 1, 5, 'HD010', UTC_TIMESTAMP(), 0, 700000, 350000, 700000, 'Hóa đơn 10', 'Chờ thanh toán', UTC_TIMESTAMP(), UTC_TIMESTAMP(), 0);

INSERT INTO hoa_don_chi_tiet (id, id_hoa_don, id_san_ca, id_nhan_vien, id_phieu_giam_gia, ma_hoa_don_chi_tiet, tong_tien, tien_coc_hdct, tien_giam_gia, tong_tien_thuc_te, ngay_den_san, ghi_chu, trang_thai, kieu_ngay_dat, created_at, updated_at, deleted_at)
VALUES
(1, 1, 1, 1, NULL, 'HDCT001', 500000, 250000, 0, 500000, UTC_DATE(), 'Chi tiết hóa đơn 1', 'Chờ nhận sân', 'Ngày thường', UTC_TIMESTAMP(), UTC_TIMESTAMP(), 0),
(2, 2, 2, 1, NULL, 'HDCT002', 700000, 350000, 0, 700000, UTC_DATE(), 'Chi tiết hóa đơn 2', 'Đang hoạt động', 'Ngày thường', UTC_TIMESTAMP(), UTC_TIMESTAMP(), 0),
(3, 3, 3, 1, NULL, 'HDCT003', 600000, 300000, 0, 600000, UTC_DATE(), 'Chi tiết hóa đơn 3', 'Chờ nhận sân', 'Ngày thường', UTC_TIMESTAMP(), UTC_TIMESTAMP(), 0),
(4, 4, 4, 1, NULL, 'HDCT004', 800000, 400000, 0, 800000, UTC_DATE(), 'Chi tiết hóa đơn 4', 'Đang hoạt động', 'Ngày thường', UTC_TIMESTAMP(), UTC_TIMESTAMP(), 0),
(5, 5, 5, 1, NULL, 'HDCT005', 550000, 275000, 0, 550000, UTC_DATE(), 'Chi tiết hóa đơn 5', 'Chờ nhận sân', 'Ngày thường', UTC_TIMESTAMP(), UTC_TIMESTAMP(), 0),
(6, 6, 1, 1, NULL, 'HDCT006', 650000, 325000, 0, 650000, UTC_DATE(), 'Chi tiết hóa đơn 6', 'Đang hoạt động', 'Ngày thường', UTC_TIMESTAMP(), UTC_TIMESTAMP(), 0),
(7, 7, 2, 1, NULL, 'HDCT007', 900000, 450000, 0, 900000, UTC_DATE(), 'Chi tiết hóa đơn 7', 'Chờ nhận sân', 'Ngày thường', UTC_TIMESTAMP(), UTC_TIMESTAMP(), 0),
(8, 8, 3, 1, NULL, 'HDCT008', 750000, 375000, 0, 750000, UTC_DATE(), 'Chi tiết hóa đơn 8', 'Đang hoạt động', 'Ngày thường', UTC_TIMESTAMP(), UTC_TIMESTAMP(), 0),
(9, 9, 4, 1, NULL, 'HDCT009', 850000, 425000, 0, 850000, UTC_DATE(), 'Chi tiết hóa đơn 9', 'Chờ nhận sân', 'Ngày thường', UTC_TIMESTAMP(), UTC_TIMESTAMP(), 0),
(10, 10, 5, 1, NULL, 'HDCT010', 700000, 350000, 0, 700000, UTC_DATE(), 'Chi tiết hóa đơn 10', 'Đang hoạt động', 'Ngày thường', UTC_TIMESTAMP(), UTC_TIMESTAMP(), 0);




INSERT INTO giao_ca (id_nhan_vien, tien_mat_ca_truoc, tien_mat_trong_ca, tien_ck_trong_ca, tong_tien_trong_ca, tong_tien_mat_thuc_te, tong_tien_phat_sinh, ghi_chu,trang_thai)
VALUES 
    (1, 1000000, 500000, 200000, 1700000, 1700000, 50000, 'Giao ca buổi sáng',0),
    (2, 1500000, 600000, 300000, 2400000, 2400000, 60000, 'Giao ca buổi chiều',0),
    (3, 1200000, 700000, 400000, 2300000, 2300000, 40000, 'Giao ca tối',0),
    (4, 1300000, 800000, 350000, 2450000, 2450000, 70000, 'Giao ca buổi sáng ngày 2',0),
    (5, 1100000, 400000, 250000, 1750000, 1750000, 30000, 'Giao ca buổi chiều ngày 2',0);


INSERT INTO tham_so (ma, ten, gia_tri, type_gia_tri, mo_ta, trang_thai, deleted_at, is_active)
VALUES
('TS_Thoi_Gian_Dat_Truoc', 'Thời Gian Đặt Trước', '06:00', 'Giờ', 'Thời gian tối thiểu người dùng phải đặt sân trước giờ thi đấu', 1, 0, 1),
('TS_Gio_Dong_Cua', 'Giờ Đóng Cửa', '22:00', 'Giờ', 'Thời gian sân bóng ngừng hoạt động trong ngày', 1, 0, 1),
('TS_Thoi_Gian_Huy_Dat_San', 'Thời Gian Hủy Đặt Sân', '2', 'Giờ', 'Thời gian tối thiểu trước giờ thi đấu để hủy đặt sân mà không mất phí', 1, 0, 1),
('TS_Gio_Mo_Cua', 'Giờ Mở Cửa', '06:00', 'Giờ', 'Thời gian sân bóng bắt đầu hoạt động trong ngày', 1, 0, 1),
('TSTIEN_COC', 'Tiền Cọc', '40', '%', 'Phần trăm tiền cọc cần thanh toán khi đặt sân', 1, 0, 1),
('TS_Tien_Qua_Tai', 'Tiền Quá Giờ', '100000', 'VND', 'Khoản phí bổ sung cho mỗi giờ sử dụng vượt quá thời gian đặt trước', 1, 0, 1),
('TS_Gio_Check_In', 'Giờ Check In', '30', 'Phút', 'Thời gian tối đa cho phép check in sau khi sân bắt đầu hoạt động', 1, 0, 1),
('TS_Gio_Huy', 'Giờ Hủy', '30', 'Phút', 'Thời gian tối đa cho phép hủy trước sân bắt đầu hoạt động', 1, 0, 1);


